ISO-10303-21;
HEADER;
FILE_DESCRIPTION (( 'STEP AP214' ),
    '1' );
FILE_NAME ('»¤À¸.STEP',
    '2026-08-29T05:40:34',
    ( '' ),
    ( '' ),
    'SwSTEP 2.0',
    'SolidWorks 2026',
    '' );
FILE_SCHEMA (( 'AUTOMOTIVE_DESIGN' ));
ENDSEC;

DATA;
#1 = DIRECTION ( 'NONE',  ( 1.128275431529630729E-16, 0.000000000000000000, -1.000000000000000000 ) ) ;
#2 = ADVANCED_FACE ( 'NONE', ( #282 ), #1973, .F. ) ;
#3 = ORIENTED_EDGE ( 'NONE', *, *, #1514, .F. ) ;
#4 = LINE ( 'NONE', #2020, #1317 ) ;
#5 = EDGE_CURVE ( 'NONE', #1380, #2961, #4, .T. ) ;
#6 = STYLED_ITEM ( 'NONE', ( #2518 ), #1335 ) ;
#7 = ORIENTED_EDGE ( 'NONE', *, *, #1189, .F. ) ;
#8 = DIRECTION ( 'NONE',  ( -1.000000000000000000, 0.000000000000000000, -1.224646799147353207E-16 ) ) ;
#9 = DIRECTION ( 'NONE',  ( 1.000000000000000000, 0.000000000000000000, 0.000000000000000000 ) ) ;
#10 = CARTESIAN_POINT ( 'NONE',  ( 100.0000000000000000, 12.00000000000000000, -24.99999999999998579 ) ) ;
#11 = ORIENTED_EDGE ( 'NONE', *, *, #1890, .F. ) ;
#12 = LINE ( 'NONE', #2256, #94 ) ;
#13 = CARTESIAN_POINT ( 'NONE',  ( -80.00000000000000000, 12.00000000000000000, -4.999999999999985789 ) ) ;
#14 = DIRECTION ( 'NONE',  ( -1.000000000000000000, 0.000000000000000000, 1.128275431529630729E-16 ) ) ;
#15 = CARTESIAN_POINT ( 'NONE',  ( 20.00000000000001066, 19.99999999999998579, -17.33333333333333925 ) ) ;
#16 = ORIENTED_EDGE ( 'NONE', *, *, #1115, .F. ) ;
#17 = ORIENTED_EDGE ( 'NONE', *, *, #230, .F. ) ;
#18 = VERTEX_POINT ( 'NONE', #976 ) ;
#19 = ADVANCED_FACE ( 'NONE', ( #2482 ), #1775, .F. ) ;
#20 = LINE ( 'NONE', #1060, #2225 ) ;
#21 = CARTESIAN_POINT ( 'NONE',  ( -80.00000000000000000, 12.00000000000000000, -24.99999999999998579 ) ) ;
#22 = DIRECTION ( 'NONE',  ( 0.000000000000000000, 1.000000000000000000, -5.219322342512834972E-32 ) ) ;
#23 = ORIENTED_EDGE ( 'NONE', *, *, #1269, .T. ) ;
#24 = DIRECTION ( 'NONE',  ( 1.381585325959279636E-32, 1.000000000000000000, 1.224510688924804848E-16 ) ) ;
#25 = CIRCLE ( 'NONE', #1896, 2.000000000000000888 ) ;
#26 = FACE_OUTER_BOUND ( 'NONE', #2299, .T. ) ;
#27 = CARTESIAN_POINT ( 'NONE',  ( -0.0001918898997419372237, 190.1279190441250933, -23.13552239426386947 ) ) ;
#28 = DIRECTION ( 'NONE',  ( -1.000000000000000000, 0.000000000000000000, 1.360718665719281119E-17 ) ) ;
#29 = EDGE_CURVE ( 'NONE', #2937, #2248, #721, .T. ) ;
#30 = PLANE ( 'NONE',  #2209 ) ;
#31 = ORIENTED_EDGE ( 'NONE', *, *, #2908, .F. ) ;
#32 = ORIENTED_EDGE ( 'NONE', *, *, #2659, .T. ) ;
#33 = EDGE_CURVE ( 'NONE', #1857, #1006, #1465, .T. ) ;
#34 = LINE ( 'NONE', #434, #369 ) ;
#35 = ORIENTED_EDGE ( 'NONE', *, *, #641, .T. ) ;
#36 = CARTESIAN_POINT ( 'NONE',  ( -113.0000000000000000, 12.00000000000000000, -4.999999999999985789 ) ) ;
#37 = CARTESIAN_POINT ( 'NONE',  ( 20.00000000000000000, 0.000000000000000000, -27.00000000000000000 ) ) ;
#38 = FACE_OUTER_BOUND ( 'NONE', #2984, .T. ) ;
#39 = EDGE_LOOP ( 'NONE', ( #1398, #731, #189, #2693 ) ) ;
#40 = EDGE_CURVE ( 'NONE', #445, #1676, #2737, .T. ) ;
#41 = ADVANCED_FACE ( 'NONE', ( #559 ), #1282, .F. ) ;
#42 = CARTESIAN_POINT ( 'NONE',  ( -3.673940397442059375E-16, 195.0000000000000000, -27.00000000000000000 ) ) ;
#43 = VECTOR ( 'NONE', #1745, 1000.000000000000000 ) ;
#44 = AXIS2_PLACEMENT_3D ( 'NONE', #1785, #1259, #1499 ) ;
#45 = DIRECTION ( 'NONE',  ( 0.000000000000000000, 1.000000000000000000, 0.000000000000000000 ) ) ;
#46 = ORIENTED_EDGE ( 'NONE', *, *, #3095, .F. ) ;
#47 = AXIS2_PLACEMENT_3D ( 'NONE', #2505, #758, #2740 ) ;
#48 = CARTESIAN_POINT ( 'NONE',  ( -0.03540513668876626302, 191.6984046405948732, -25.76908311913200222 ) ) ;
#49 = LINE ( 'NONE', #159, #2772 ) ;
#50 = CARTESIAN_POINT ( 'NONE',  ( 19.99999999999999289, 190.0000000000000284, -22.33065838937269021 ) ) ;
#51 = EDGE_LOOP ( 'NONE', ( #2809, #1904, #241, #1214 ) ) ;
#52 = CARTESIAN_POINT ( 'NONE',  ( -40.00000000000000000, 190.0000000000000000, 3.469446951953614189E-15 ) ) ;
#53 = CARTESIAN_POINT ( 'NONE',  ( -40.00000000000000000, 218.0000000000000000, -26.99999999999999645 ) ) ;
#54 = ORIENTED_EDGE ( 'NONE', *, *, #501, .F. ) ;
#55 = CYLINDRICAL_SURFACE ( 'NONE', #2017, 2.000000000000000000 ) ;
#56 = CARTESIAN_POINT ( 'NONE',  ( -20.00000000000002487, 0.000000000000000000, 1.734723475976807094E-14 ) ) ;
#57 =( NAMED_UNIT ( * ) SI_UNIT ( $, .STERADIAN. ) SOLID_ANGLE_UNIT ( ) );
#58 = ORIENTED_EDGE ( 'NONE', *, *, #160, .T. ) ;
#59 = CARTESIAN_POINT ( 'NONE',  ( 19.99999999999999645, 190.0000000000000000, -1.043654774164909318E-15 ) ) ;
#60 = EDGE_CURVE ( 'NONE', #2212, #3003, #2821, .T. ) ;
#61 = CARTESIAN_POINT ( 'NONE',  ( -40.00000000000000000, 230.0000000000000000, -7.100251257867591370 ) ) ;
#62 = CARTESIAN_POINT ( 'NONE',  ( 59.37072803472528193, 230.0000000000000853, -7.572205202360714260 ) ) ;
#63 = EDGE_CURVE ( 'NONE', #1225, #3114, #2281, .T. ) ;
#64 = CARTESIAN_POINT ( 'NONE',  ( 20.04664037055697179, 191.9504023838124738, -25.97593584842675796 ) ) ;
#65 = ORIENTED_EDGE ( 'NONE', *, *, #800, .F. ) ;
#66 = CARTESIAN_POINT ( 'NONE',  ( -113.0000000000000000, 19.99999999999998579, -21.99999999999998579 ) ) ;
#67 = EDGE_CURVE ( 'NONE', #1508, #1025, #2594, .T. ) ;
#68 = DIRECTION ( 'NONE',  ( 1.000000000000000000, 0.000000000000000000, 1.360718665719281119E-17 ) ) ;
#69 = ORIENTED_EDGE ( 'NONE', *, *, #2921, .T. ) ;
#70 = LINE ( 'NONE', #823, #1486 ) ;
#71 = CARTESIAN_POINT ( 'NONE',  ( 19.99998800000000543, 185.0000000000000000, -9.999999999999998224 ) ) ;
#72 = CARTESIAN_POINT ( 'NONE',  ( 104.0000000000000284, 203.0000000000000000, -22.50000000000000000 ) ) ;
#73 = VERTEX_POINT ( 'NONE', #1808 ) ;
#74 = B_SPLINE_CURVE_WITH_KNOTS ( 'NONE', 3,
 ( #1877, #2842, #1612, #1519, #2528, #296, #1787, #277, #1112, #613, #1338, #1861, #121, #2620, #388, #2585, #1596, #2108 ),
 .UNSPECIFIED., .F., .F.,
 ( 4, 2, 2, 2, 2, 2, 2, 2, 4 ),
 ( 0.000000000000000000, 0.0009919249416895333567, 0.001983849883379066713, 0.002975774825068599853, 0.003967699766758133427, 0.004959624708447667001, 0.005951549650137199707, 0.006943474591826733280, 0.007935399533516266854 ),
 .UNSPECIFIED. ) ;
#75 = DIRECTION ( 'NONE',  ( 1.000000000000000000, -0.000000000000000000, -1.224646799147353207E-16 ) ) ;
#76 = EDGE_CURVE ( 'NONE', #551, #2942, #332, .T. ) ;
#77 = DIRECTION ( 'NONE',  ( -0.000000000000000000, -5.219322342512834972E-32, -1.000000000000000000 ) ) ;
#78 = CARTESIAN_POINT ( 'NONE',  ( -12.13839897544788826, 192.7970853986440147, -26.50044045802857084 ) ) ;
#79 = ORIENTED_EDGE ( 'NONE', *, *, #264, .T. ) ;
#80 = VECTOR ( 'NONE', #2864, 1000.000000000000000 ) ;
#81 = VECTOR ( 'NONE', #1423, 1000.000000000000000 ) ;
#82 = CARTESIAN_POINT ( 'NONE',  ( 20.00505490788204455, 190.6613760459451896, -24.50665495924339510 ) ) ;
#83 = CARTESIAN_POINT ( 'NONE',  ( 104.0000000000000142, 218.0000000000000284, -22.50000000000000000 ) ) ;
#84 = EDGE_CURVE ( 'NONE', #468, #2353, #2467, .T. ) ;
#85 = LINE ( 'NONE', #2822, #937 ) ;
#86 = VERTEX_POINT ( 'NONE', #2562 ) ;
#87 = CARTESIAN_POINT ( 'NONE',  ( 32.45004537208818363, 195.0000000000000000, -27.00000000000000000 ) ) ;
#88 = FILL_AREA_STYLE_COLOUR ( '', #1235 ) ;
#89 = SHAPE_DEFINITION_REPRESENTATION ( #979, #461 ) ;
#90 = ORIENTED_EDGE ( 'NONE', *, *, #2310, .F. ) ;
#91 = CARTESIAN_POINT ( 'NONE',  ( -13.80240934683562415, 19.12749550628147688, -24.82796230281139316 ) ) ;
#92 = CARTESIAN_POINT ( 'NONE',  ( 20.00000000000000000, 24.99999999999998579, -15.00000000000001776 ) ) ;
#93 = CARTESIAN_POINT ( 'NONE',  ( -0.1426958585920109768, 193.3891174453258941, -26.74455209715577908 ) ) ;
#94 = VECTOR ( 'NONE', #24, 1000.000000000000000 ) ;
#95 = VECTOR ( 'NONE', #2765, 1000.000000000000000 ) ;
#96 = CIRCLE ( 'NONE', #1705, 2.000000000000001776 ) ;
#97 = LINE ( 'NONE', #2084, #1325 ) ;
#98 = DIRECTION ( 'NONE',  ( -1.360718665719281119E-17, -1.224510688924804848E-16, 1.000000000000000000 ) ) ;
#99 = AXIS2_PLACEMENT_3D ( 'NONE', #744, #2487, #1511 ) ;
#100 = EDGE_CURVE ( 'NONE', #975, #1186, #2040, .T. ) ;
#101 = FACE_OUTER_BOUND ( 'NONE', #1377, .T. ) ;
#102 = ORIENTED_EDGE ( 'NONE', *, *, #1253, .T. ) ;
#103 = ORIENTED_EDGE ( 'NONE', *, *, #2268, .T. ) ;
#104 = ADVANCED_FACE ( 'NONE', ( #1039 ), #817, .T. ) ;
#105 = DIRECTION ( 'NONE',  ( 0.000000000000000000, 1.000000000000000000, 0.000000000000000000 ) ) ;
#106 = CARTESIAN_POINT ( 'NONE',  ( -100.5000000000000000, 0.000000000000000000, -24.99999999999998579 ) ) ;
#107 = VERTEX_POINT ( 'NONE', #3052 ) ;
#108 = ADVANCED_FACE ( 'NONE', ( #344 ), #2578, .T. ) ;
#109 = CARTESIAN_POINT ( 'NONE',  ( -100.5000000000000000, 0.000000000000000000, -24.99999999999998579 ) ) ;
#110 = AXIS2_PLACEMENT_3D ( 'NONE', #204, #2654, #2404 ) ;
#111 = FACE_OUTER_BOUND ( 'NONE', #463, .T. ) ;
#112 = CARTESIAN_POINT ( 'NONE',  ( 40.00000000000002132, 19.99999999999998934, 1.734723475976807094E-14 ) ) ;
#113 = CYLINDRICAL_SURFACE ( 'NONE', #2206, 5.000000000000000888 ) ;
#114 = CARTESIAN_POINT ( 'NONE',  ( -38.73943923780487353, 229.9850951096144058, -8.045671746050350848 ) ) ;
#115 = CARTESIAN_POINT ( 'NONE',  ( -8.331072753963797109E-33, 185.0000000000000000, -9.999999999999998224 ) ) ;
#116 = CARTESIAN_POINT ( 'NONE',  ( 32.00000000000000000, 190.0000000000000000, 0.000000000000000000 ) ) ;
#117 = ORIENTED_EDGE ( 'NONE', *, *, #654, .T. ) ;
#118 = ORIENTED_EDGE ( 'NONE', *, *, #1292, .F. ) ;
#119 = CARTESIAN_POINT ( 'NONE',  ( 117.0000000000000000, 203.0000000000000568, -4.499999999999985789 ) ) ;
#120 = AXIS2_PLACEMENT_3D ( 'NONE', #3033, #1854, #1057 ) ;
#121 = CARTESIAN_POINT ( 'NONE',  ( -13.11790238941787123, 20.51634345313874519, -12.76332079884999260 ) ) ;
#122 = CARTESIAN_POINT ( 'NONE',  ( -13.35088935932651033, 19.99999999999998579, -22.00000000000000000 ) ) ;
#123 = DIRECTION ( 'NONE',  ( 0.000000000000000000, 0.000000000000000000, -1.000000000000000000 ) ) ;
#124 = CARTESIAN_POINT ( 'NONE',  ( 101.0000000000000142, 203.0000000000000000, -22.50000000000000000 ) ) ;
#125 = VERTEX_POINT ( 'NONE', #115 ) ;
#126 = CARTESIAN_POINT ( 'NONE',  ( -40.00000000000000000, 190.0000000000000000, 3.469446951953614189E-15 ) ) ;
#127 = CARTESIAN_POINT ( 'NONE',  ( -20.93029922597755643, 225.1680658486214952, -21.04129828494058430 ) ) ;
#128 = EDGE_CURVE ( 'NONE', #2967, #165, #646, .T. ) ;
#129 = CARTESIAN_POINT ( 'NONE',  ( -40.00000000000000000, 218.0000000000000000, -26.99999999999999645 ) ) ;
#130 = ORIENTED_EDGE ( 'NONE', *, *, #1833, .F. ) ;
#131 = VERTEX_POINT ( 'NONE', #327 ) ;
#132 = CARTESIAN_POINT ( 'NONE',  ( -110.0000000000000000, 230.0000000000000000, 1.387778780781445676E-14 ) ) ;
#133 = DIRECTION ( 'NONE',  ( 0.000000000000000000, 5.219322342512834972E-32, 1.000000000000000000 ) ) ;
#134 = LINE ( 'NONE', #1100, #2744 ) ;
#135 = DIRECTION ( 'NONE',  ( 1.000000000000000000, 0.000000000000000000, 1.128275431529630729E-16 ) ) ;
#136 = EDGE_CURVE ( 'NONE', #2502, #975, #2086, .T. ) ;
#137 = LINE ( 'NONE', #2625, #462 ) ;
#138 = ADVANCED_FACE ( 'NONE', ( #3098 ), #2787, .F. ) ;
#139 = CARTESIAN_POINT ( 'NONE',  ( 19.99999400000000804, 19.99999999999998934, -22.00000000000000000 ) ) ;
#140 = ORIENTED_EDGE ( 'NONE', *, *, #2232, .T. ) ;
#141 = ADVANCED_FACE ( 'NONE', ( #1347 ), #2351, .T. ) ;
#142 = CARTESIAN_POINT ( 'NONE',  ( 130.0000000000000000, 230.0000000000000000, 1.387778780781445676E-14 ) ) ;
#143 = DIRECTION ( 'NONE',  ( -1.000000000000000000, -0.000000000000000000, -0.000000000000000000 ) ) ;
#144 = AXIS2_PLACEMENT_3D ( 'NONE', #1634, #663, #3136 ) ;
#145 = VECTOR ( 'NONE', #1121, 1000.000000000000000 ) ;
#146 = CARTESIAN_POINT ( 'NONE',  ( 20.00000000000000000, 12.00000000000000000, -27.00000000000000000 ) ) ;
#147 = AXIS2_PLACEMENT_3D ( 'NONE', #1240, #775, #2506 ) ;
#148 = VECTOR ( 'NONE', #988, 1000.000000000000000 ) ;
#149 = ORIENTED_EDGE ( 'NONE', *, *, #1762, .F. ) ;
#150 = VERTEX_POINT ( 'NONE', #574 ) ;
#151 = CARTESIAN_POINT ( 'NONE',  ( 130.0000000000000000, 230.0000000000000000, 1.387778780781445676E-14 ) ) ;
#152 = ORIENTED_EDGE ( 'NONE', *, *, #739, .F. ) ;
#153 = CARTESIAN_POINT ( 'NONE',  ( 20.00055900385079610, 19.83688766537609638, -23.30917898616931794 ) ) ;
#154 = CYLINDRICAL_SURFACE ( 'NONE', #3006, 13.99999999999999822 ) ;
#155 = DIRECTION ( 'NONE',  ( -1.128275431529630729E-16, 0.000000000000000000, -1.000000000000000000 ) ) ;
#156 = CARTESIAN_POINT ( 'NONE',  ( 131.0000000000000000, 0.000000000000000000, -26.99999999999998934 ) ) ;
#157 = VERTEX_POINT ( 'NONE', #2053 ) ;
#158 = AXIS2_PLACEMENT_3D ( 'NONE', #1910, #3015, #694 ) ;
#159 = CARTESIAN_POINT ( 'NONE',  ( 120.5000000000000142, 0.000000000000000000, -24.99999999999998579 ) ) ;
#160 = EDGE_CURVE ( 'NONE', #2099, #1361, #1791, .T. ) ;
#161 = B_SPLINE_CURVE_WITH_KNOTS ( 'NONE', 3,
 ( #797, #50, #1788, #2785, #2018, #2545, #2051, #848, #82, #1520, #2592, #314, #64, #1263, #2835, #1554, #343, #1329, #1087, #2295 ),
 .UNSPECIFIED., .F., .F.,
 ( 4, 2, 2, 2, 2, 2, 2, 2, 2, 4 ),
 ( 0.000000000000000000, 0.0009778993263097521781, 0.001466848989464628267, 0.001955798652619504356, 0.002933697978929215334, 0.003911597305238926313, 0.004889496631548637291, 0.005867395957858349137, 0.006845295284168060115, 0.007823194610477771094 ),
 .UNSPECIFIED. ) ;
#162 = ADVANCED_FACE ( 'NONE', ( #2850 ), #1522, .F. ) ;
#163 = DIRECTION ( 'NONE',  ( -1.381585325959279636E-32, 1.000000000000000000, 1.224510688924804848E-16 ) ) ;
#164 = DIRECTION ( 'NONE',  ( 0.000000000000000000, -1.000000000000000000, -0.000000000000000000 ) ) ;
#165 = VERTEX_POINT ( 'NONE', #623 ) ;
#166 = ORIENTED_EDGE ( 'NONE', *, *, #2789, .F. ) ;
#167 = ORIENTED_EDGE ( 'NONE', *, *, #1870, .T. ) ;
#168 = CARTESIAN_POINT ( 'NONE',  ( -2.041077998578924313E-16, 19.99999999999998579, -15.00000000000001776 ) ) ;
#169 = CARTESIAN_POINT ( 'NONE',  ( -113.0000000000000000, 195.0000000000000000, -21.99999999999998579 ) ) ;
#170 = CARTESIAN_POINT ( 'NONE',  ( 36.85420863826881543, 222.6522846527184072, -23.76779001466633190 ) ) ;
#171 = CARTESIAN_POINT ( 'NONE',  ( -99.00000000000000000, 218.0000000000000568, -22.50000000000000000 ) ) ;
#172 = ORIENTED_EDGE ( 'NONE', *, *, #1017, .T. ) ;
#173 = ADVANCED_FACE ( 'NONE', ( #2613 ), #1362, .F. ) ;
#174 = LINE ( 'NONE', #1162, #2107 ) ;
#175 = VECTOR ( 'NONE', #2709, 1000.000000000000000 ) ;
#176 = CARTESIAN_POINT ( 'NONE',  ( 32.39091070176802845, 194.6741685031486782, -27.00000000000000000 ) ) ;
#177 = EDGE_CURVE ( 'NONE', #2218, #1556, #349, .T. ) ;
#178 = CARTESIAN_POINT ( 'NONE',  ( -6.938893903907228378E-15, 203.0000000000000568, 7.828983513769252240E-31 ) ) ;
#179 = ORIENTED_EDGE ( 'NONE', *, *, #841, .F. ) ;
#180 = EDGE_LOOP ( 'NONE', ( #1396, #1799, #3146, #2407 ) ) ;
#181 = EDGE_CURVE ( 'NONE', #1015, #237, #2259, .T. ) ;
#182 = VECTOR ( 'NONE', #1293, 1000.000000000000000 ) ;
#183 = VECTOR ( 'NONE', #379, 1000.000000000000000 ) ;
#184 = ORIENTED_EDGE ( 'NONE', *, *, #260, .F. ) ;
#185 = CARTESIAN_POINT ( 'NONE',  ( 32.05973630463098090, 24.66518851557081504, -10.00000000000001776 ) ) ;
#186 = DIRECTION ( 'NONE',  ( 1.000000000000000000, 0.000000000000000000, -1.228122814850836818E-16 ) ) ;
#187 = CARTESIAN_POINT ( 'NONE',  ( 100.0000000000000000, 12.00000000000000000, -4.999999999999985789 ) ) ;
#188 = DIRECTION ( 'NONE',  ( 0.000000000000000000, 0.000000000000000000, -1.000000000000000000 ) ) ;
#189 = ORIENTED_EDGE ( 'NONE', *, *, #603, .T. ) ;
#190 = CARTESIAN_POINT ( 'NONE',  ( 60.00000000000000000, 190.0000000000000000, 3.469446951953614189E-15 ) ) ;
#191 = CARTESIAN_POINT ( 'NONE',  ( 130.0000000000000000, 230.0000000000000000, 1.387778780781445676E-14 ) ) ;
#192 = CARTESIAN_POINT ( 'NONE',  ( 32.24764688408453850, 193.7191097393399275, -26.83590768055252695 ) ) ;
#193 = DIRECTION ( 'NONE',  ( -0.000000000000000000, 0.000000000000000000, -1.000000000000000000 ) ) ;
#194 = ORIENTED_EDGE ( 'NONE', *, *, #2978, .T. ) ;
#195 = ORIENTED_EDGE ( 'NONE', *, *, #1170, .T. ) ;
#196 = VECTOR ( 'NONE', #1724, 1000.000000000000000 ) ;
#197 = EDGE_CURVE ( 'NONE', #600, #157, #692, .T. ) ;
#198 = AXIS2_PLACEMENT_3D ( 'NONE', #2894, #2702, #935 ) ;
#199 = AXIS2_PLACEMENT_3D ( 'NONE', #1228, #1985, #748 ) ;
#200 = EDGE_CURVE ( 'NONE', #2387, #1812, #556, .T. ) ;
#201 = ORIENTED_EDGE ( 'NONE', *, *, #3182, .T. ) ;
#202 = EDGE_CURVE ( 'NONE', #618, #263, #1020, .T. ) ;
#203 = CARTESIAN_POINT ( 'NONE',  ( 130.0000000000000000, 218.0000000000000000, 1.387778780781445676E-14 ) ) ;
#204 = CARTESIAN_POINT ( 'NONE',  ( 100.0000000000000000, 12.00000000000000000, -4.999999999999985789 ) ) ;
#205 = CARTESIAN_POINT ( 'NONE',  ( -0.2673612930328646553, 16.73712982147532813, -26.69137041964912882 ) ) ;
#206 = LINE ( 'NONE', #1699, #1238 ) ;
#207 = EDGE_CURVE ( 'NONE', #408, #3129, #1769, .T. ) ;
#208 = ORIENTED_EDGE ( 'NONE', *, *, #1269, .F. ) ;
#209 = CYLINDRICAL_SURFACE ( 'NONE', #446, 27.99999999999999645 ) ;
#210 = CYLINDRICAL_SURFACE ( 'NONE', #569, 22.49999999999999289 ) ;
#211 = EDGE_LOOP ( 'NONE', ( #1931, #1281, #7, #90 ) ) ;
#212 = CARTESIAN_POINT ( 'NONE',  ( -113.0000000000000000, 12.00000000000000000, -2.999999999999986233 ) ) ;
#213 = CARTESIAN_POINT ( 'NONE',  ( 20.00000000000000000, 19.99999999999998934, 7.545341948354403905E-15 ) ) ;
#214 = ORIENTED_EDGE ( 'NONE', *, *, #1152, .F. ) ;
#215 = VERTEX_POINT ( 'NONE', #1036 ) ;
#216 = VERTEX_POINT ( 'NONE', #2372 ) ;
#217 = CARTESIAN_POINT ( 'NONE',  ( 33.56092350292147586, 19.57522345472272818, -24.02522217638787794 ) ) ;
#218 = DIRECTION ( 'NONE',  ( 1.000000000000000000, -0.000000000000000000, -0.000000000000000000 ) ) ;
#219 = PLANE ( 'NONE',  #2022 ) ;
#220 = CARTESIAN_POINT ( 'NONE',  ( -99.00000000000000000, 203.0000000000000568, -22.50000000000000000 ) ) ;
#221 = ORIENTED_EDGE ( 'NONE', *, *, #2230, .T. ) ;
#222 = CARTESIAN_POINT ( 'NONE',  ( 103.0000000000000284, 203.0000000000000000, 7.828983513769252240E-31 ) ) ;
#223 = CIRCLE ( 'NONE', #2094, 20.00000000000001066 ) ;
#224 = PLANE ( 'NONE',  #2497 ) ;
#225 = ORIENTED_EDGE ( 'NONE', *, *, #2931, .F. ) ;
#226 = DIRECTION ( 'NONE',  ( 1.128275431529630729E-16, 0.000000000000000000, 1.000000000000000000 ) ) ;
#227 = PLANE ( 'NONE',  #396 ) ;
#228 = EDGE_LOOP ( 'NONE', ( #1148, #2795, #1582, #3181, #1022, #117, #3097, #437, #2369, #2265, #1719, #787 ) ) ;
#229 = ORIENTED_EDGE ( 'NONE', *, *, #2810, .F. ) ;
#230 = EDGE_CURVE ( 'NONE', #453, #2502, #1536, .T. ) ;
#231 = AXIS2_PLACEMENT_3D ( 'NONE', #2408, #2661, #1405 ) ;
#232 = ORIENTED_EDGE ( 'NONE', *, *, #818, .T. ) ;
#233 = AXIS2_PLACEMENT_3D ( 'NONE', #280, #2216, #974 ) ;
#234 = CARTESIAN_POINT ( 'NONE',  ( 32.83101689255735778, 21.24228187455775796, -11.68592794407423874 ) ) ;
#235 = DIRECTION ( 'NONE',  ( -1.224646799147353207E-16, 0.000000000000000000, -1.000000000000000000 ) ) ;
#236 = DIRECTION ( 'NONE',  ( -1.128275431529630729E-16, 0.000000000000000000, 1.000000000000000000 ) ) ;
#237 = VERTEX_POINT ( 'NONE', #854 ) ;
#238 = CYLINDRICAL_SURFACE ( 'NONE', #1734, 2.000000000000001776 ) ;
#239 = ADVANCED_FACE ( 'NONE', ( #2767 ), #537, .F. ) ;
#240 = EDGE_CURVE ( 'NONE', #157, #1349, #74, .T. ) ;
#241 = ORIENTED_EDGE ( 'NONE', *, *, #1760, .T. ) ;
#242 = PLANE ( 'NONE',  #199 ) ;
#243 = EDGE_CURVE ( 'NONE', #453, #1312, #3034, .T. ) ;
#244 = CARTESIAN_POINT ( 'NONE',  ( 120.5000000000000142, 12.00000000000000000, -22.99999999999999645 ) ) ;
#245 = ORIENTED_EDGE ( 'NONE', *, *, #1928, .F. ) ;
#246 = DIRECTION ( 'NONE',  ( 0.000000000000000000, -5.219322342512834972E-32, -1.000000000000000000 ) ) ;
#247 = EDGE_LOOP ( 'NONE', ( #1830, #2052, #79, #2721, #2043, #2034 ) ) ;
#248 = CIRCLE ( 'NONE', #1182, 2.000000000000001776 ) ;
#249 = AXIS2_PLACEMENT_3D ( 'NONE', #1679, #188, #1175 ) ;
#250 = CYLINDRICAL_SURFACE ( 'NONE', #877, 2.000000000000000000 ) ;
#251 = AXIS2_PLACEMENT_3D ( 'NONE', #2392, #155, #2140 ) ;
#252 = CARTESIAN_POINT ( 'NONE',  ( 0.000000000000000000, 12.00000000000000000, 0.000000000000000000 ) ) ;
#253 = LINE ( 'NONE', #985, #1813 ) ;
#254 = VERTEX_POINT ( 'NONE', #106 ) ;
#255 = CIRCLE ( 'NONE', #1135, 2.000000000000001776 ) ;
#256 = PLANE ( 'NONE',  #339 ) ;
#257 = FACE_OUTER_BOUND ( 'NONE', #301, .T. ) ;
#258 = ORIENTED_EDGE ( 'NONE', *, *, #1902, .F. ) ;
#259 = CARTESIAN_POINT ( 'NONE',  ( 32.00000000000000000, 190.0000000000000000, -22.00000000000000000 ) ) ;
#260 = EDGE_CURVE ( 'NONE', #3204, #216, #2603, .T. ) ;
#261 = CARTESIAN_POINT ( 'NONE',  ( 123.5000000000000142, 12.00000000000000000, -4.999999999999985789 ) ) ;
#262 = ORIENTED_EDGE ( 'NONE', *, *, #859, .T. ) ;
#263 = VERTEX_POINT ( 'NONE', #630 ) ;
#264 = EDGE_CURVE ( 'NONE', #2212, #1683, #223, .T. ) ;
#265 = AXIS2_PLACEMENT_3D ( 'NONE', #1058, #546, #2284 ) ;
#266 = ORIENTED_EDGE ( 'NONE', *, *, #2443, .F. ) ;
#267 = LINE ( 'NONE', #1528, #619 ) ;
#268 = CARTESIAN_POINT ( 'NONE',  ( 133.0000000000000000, 12.00000000000000000, -24.99999999999998579 ) ) ;
#269 = DIRECTION ( 'NONE',  ( 0.000000000000000000, 0.000000000000000000, 1.000000000000000000 ) ) ;
#270 = ORIENTED_EDGE ( 'NONE', *, *, #2953, .T. ) ;
#271 = EDGE_CURVE ( 'NONE', #2616, #329, #3117, .T. ) ;
#272 = EDGE_CURVE ( 'NONE', #3102, #870, #49, .T. ) ;
#273 = CARTESIAN_POINT ( 'NONE',  ( 101.0000000000000000, 218.0000000000000284, -22.50000000000000000 ) ) ;
#274 = CARTESIAN_POINT ( 'NONE',  ( 133.0000000000000000, 0.000000000000000000, -26.99999999999998579 ) ) ;
#275 = VERTEX_POINT ( 'NONE', #863 ) ;
#276 = CARTESIAN_POINT ( 'NONE',  ( -0.0003226092082041624211, 190.1675784507727371, -23.29409836922087962 ) ) ;
#277 = CARTESIAN_POINT ( 'NONE',  ( -12.59532899558750429, 21.95117173386946874, -11.02387212134732941 ) ) ;
#278 = EDGE_CURVE ( 'NONE', #639, #2218, #894, .T. ) ;
#279 = VECTOR ( 'NONE', #355, 1000.000000000000000 ) ;
#280 = CARTESIAN_POINT ( 'NONE',  ( 131.0000000000000000, 12.00000000000000000, -26.99999999999998934 ) ) ;
#281 = EDGE_LOOP ( 'NONE', ( #2696, #1732, #2217, #1334 ) ) ;
#282 = FACE_OUTER_BOUND ( 'NONE', #1802, .T. ) ;
#283 = EDGE_CURVE ( 'NONE', #989, #551, #2365, .T. ) ;
#284 =( NAMED_UNIT ( * ) PLANE_ANGLE_UNIT ( ) SI_UNIT ( $, .RADIAN. ) );
#285 = EDGE_CURVE ( 'NONE', #2174, #2982, #651, .T. ) ;
#286 = ORIENTED_EDGE ( 'NONE', *, *, #1789, .F. ) ;
#287 = CARTESIAN_POINT ( 'NONE',  ( 20.00000000000000000, 185.0000000000000000, -14.99999999999999822 ) ) ;
#288 = CARTESIAN_POINT ( 'NONE',  ( 20.00000000000000000, 190.0000000000000000, -9.999999999999998224 ) ) ;
#289 = CARTESIAN_POINT ( 'NONE',  ( 131.0000000000000000, 12.00000000000000000, -24.99999999999998579 ) ) ;
#290 = VERTEX_POINT ( 'NONE', #1120 ) ;
#291 = AXIS2_PLACEMENT_3D ( 'NONE', #908, #1900, #2896 ) ;
#292 = LINE ( 'NONE', #1001, #754 ) ;
#293 = AXIS2_PLACEMENT_3D ( 'NONE', #2512, #2247, #2720 ) ;
#294 = DIRECTION ( 'NONE',  ( -0.000000000000000000, -1.000000000000000000, -0.000000000000000000 ) ) ;
#295 = FACE_OUTER_BOUND ( 'NONE', #3072, .T. ) ;
#296 = CARTESIAN_POINT ( 'NONE',  ( -12.37313456745651763, 22.77457161300621280, -10.51068478146979679 ) ) ;
#297 = CARTESIAN_POINT ( 'NONE',  ( 0.000000000000000000, 24.99999999999998579, -15.00000000000001776 ) ) ;
#298 = ORIENTED_EDGE ( 'NONE', *, *, #272, .T. ) ;
#299 = CARTESIAN_POINT ( 'NONE',  ( 123.5000000000000142, 0.000000000000000000, -4.999999999999985789 ) ) ;
#300 = DIRECTION ( 'NONE',  ( 1.000000000000000000, 0.000000000000000000, 1.128275431529630729E-16 ) ) ;
#301 = EDGE_LOOP ( 'NONE', ( #2323, #398, #1460, #1156, #2061, #2103, #1236 ) ) ;
#302 = EDGE_CURVE ( 'NONE', #1505, #2568, #878, .T. ) ;
#303 = DIRECTION ( 'NONE',  ( 0.5547001962252272600, 0.000000000000000000, -0.8320502943378450533 ) ) ;
#304 = EDGE_CURVE ( 'NONE', #2219, #2218, #2395, .T. ) ;
#305 = ADVANCED_FACE ( 'NONE', ( #2347 ), #2129, .F. ) ;
#306 = LINE ( 'NONE', #1289, #2752 ) ;
#307 = ORIENTED_EDGE ( 'NONE', *, *, #882, .F. ) ;
#308 = DIRECTION ( 'NONE',  ( -1.000000000000000000, -0.000000000000000000, 1.228122814850836818E-16 ) ) ;
#309 = PRODUCT_DEFINITION_FORMATION_WITH_SPECIFIED_SOURCE ( 'ä»', '', #2466, .NOT_KNOWN. ) ;
#310 = DIRECTION ( 'NONE',  ( -1.000000000000000000, 0.000000000000000000, 1.239088197126290570E-16 ) ) ;
#311 = ORIENTED_EDGE ( 'NONE', *, *, #1054, .T. ) ;
#312 = CIRCLE ( 'NONE', #669, 2.000000000000001776 ) ;
#313 = CARTESIAN_POINT ( 'NONE',  ( -12.00091745786282083, 190.2591531997367440, -23.62203768474301668 ) ) ;
#314 = CARTESIAN_POINT ( 'NONE',  ( 20.03540513668876244, 191.6984046405948732, -25.76908311913200222 ) ) ;
#315 = VERTEX_POINT ( 'NONE', #620 ) ;
#316 = CARTESIAN_POINT ( 'NONE',  ( -111.0000000000000000, 12.00000000000000000, -26.99999999999998934 ) ) ;
#317 = DIRECTION ( 'NONE',  ( 0.000000000000000000, -1.000000000000000000, -0.000000000000000000 ) ) ;
#318 = ORIENTED_EDGE ( 'NONE', *, *, #3211, .T. ) ;
#319 = DIRECTION ( 'NONE',  ( -1.000000000000000000, -0.000000000000000000, -1.360718665719281119E-17 ) ) ;
#320 = DIRECTION ( 'NONE',  ( 1.000000000000000000, 0.000000000000000000, 0.000000000000000000 ) ) ;
#321 = VERTEX_POINT ( 'NONE', #142 ) ;
#322 = CARTESIAN_POINT ( 'NONE',  ( 1.387778780781445676E-14, 230.0000000000000000, -7.100251257867599364 ) ) ;
#323 = DIRECTION ( 'NONE',  ( 1.000000000000000000, 0.000000000000000000, 0.000000000000000000 ) ) ;
#324 = CARTESIAN_POINT ( 'NONE',  ( -0.0008358556971720101578, 190.2629480209143935, -23.60851707050212767 ) ) ;
#325 = LINE ( 'NONE', #2260, #2683 ) ;
#326 = ORIENTED_EDGE ( 'NONE', *, *, #2101, .T. ) ;
#327 = CARTESIAN_POINT ( 'NONE',  ( -84.00000000000001421, 203.0000000000000000, -22.50000000000000000 ) ) ;
#328 = CARTESIAN_POINT ( 'NONE',  ( 119.0000000000000142, 218.0000000000000568, -4.499999999999985789 ) ) ;
#329 = VERTEX_POINT ( 'NONE', #1133 ) ;
#330 = ADVANCED_FACE ( 'NONE', ( #1636 ), #113, .T. ) ;
#331 = LINE ( 'NONE', #2870, #3020 ) ;
#332 = CIRCLE ( 'NONE', #2574, 22.49999999999999289 ) ;
#333 = CYLINDRICAL_SURFACE ( 'NONE', #1340, 2.000000000000001776 ) ;
#334 = ORIENTED_EDGE ( 'NONE', *, *, #1627, .T. ) ;
#335 = CARTESIAN_POINT ( 'NONE',  ( 20.26736129303285594, 16.73712982147532458, -26.69137041964912527 ) ) ;
#336 = CARTESIAN_POINT ( 'NONE',  ( 116.0000000000000000, 203.0000000000000568, -22.50000000000000000 ) ) ;
#337 = EDGE_LOOP ( 'NONE', ( #1531, #2754, #478, #996 ) ) ;
#338 = LINE ( 'NONE', #1035, #726 ) ;
#339 = AXIS2_PLACEMENT_3D ( 'NONE', #2243, #922, #2780 ) ;
#340 = ADVANCED_FACE ( 'NONE', ( #393 ), #1604, .F. ) ;
#341 = VECTOR ( 'NONE', #1471, 1000.000000000000000 ) ;
#342 = EDGE_CURVE ( 'NONE', #2899, #2096, #2640, .T. ) ;
#343 = CARTESIAN_POINT ( 'NONE',  ( 20.17048480786927911, 193.7032907585778503, -26.84006422246265444 ) ) ;
#344 = FACE_OUTER_BOUND ( 'NONE', #444, .T. ) ;
#345 = LINE ( 'NONE', #1041, #2085 ) ;
#346 = ORIENTED_EDGE ( 'NONE', *, *, #2516, .T. ) ;
#347 = EDGE_LOOP ( 'NONE', ( #2644, #167, #2197, #657, #1290 ) ) ;
#348 = LINE ( 'NONE', #1575, #2490 ) ;
#349 = LINE ( 'NONE', #1368, #1938 ) ;
#350 = ORIENTED_EDGE ( 'NONE', *, *, #644, .F. ) ;
#351 = CARTESIAN_POINT ( 'NONE',  ( 33.35088935932652277, 19.99999999999999645, -22.38489353618314581 ) ) ;
#352 = CARTESIAN_POINT ( 'NONE',  ( 116.0000000000000000, 203.0000000000000568, -4.499999999999985789 ) ) ;
#353 = CARTESIAN_POINT ( 'NONE',  ( -104.1055512754639949, 0.000000000000000000, -24.99999999999998579 ) ) ;
#354 = AXIS2_PLACEMENT_3D ( 'NONE', #2759, #303, #2792 ) ;
#355 = DIRECTION ( 'NONE',  ( 4.625929269271485914E-16, 1.000000000000000000, -5.219322342512834972E-32 ) ) ;
#356 = VECTOR ( 'NONE', #1160, 1000.000000000000000 ) ;
#357 = VECTOR ( 'NONE', #466, 1000.000000000000000 ) ;
#358 = CARTESIAN_POINT ( 'NONE',  ( 119.0000000000000142, 203.0000000000000568, -22.50000000000000000 ) ) ;
#359 = EDGE_LOOP ( 'NONE', ( #2927, #2769, #1563, #1924 ) ) ;
#360 = DIRECTION ( 'NONE',  ( 0.000000000000000000, 0.000000000000000000, 1.000000000000000000 ) ) ;
#361 = AXIS2_PLACEMENT_3D ( 'NONE', #1731, #3200, #1966 ) ;
#362 = EDGE_CURVE ( 'NONE', #215, #3204, #1630, .T. ) ;
#363 = CARTESIAN_POINT ( 'NONE',  ( -102.9961508830135273, 0.000000000000000000, -5.335899411324307451 ) ) ;
#364 = ORIENTED_EDGE ( 'NONE', *, *, #2692, .T. ) ;
#365 = ORIENTED_EDGE ( 'NONE', *, *, #2788, .T. ) ;
#366 = LINE ( 'NONE', #886, #2969 ) ;
#367 = DIRECTION ( 'NONE',  ( -1.128275431529630729E-16, 0.000000000000000000, -1.000000000000000000 ) ) ;
#368 = DIRECTION ( 'NONE',  ( 1.000000000000000000, -0.000000000000000000, -1.228122814850836818E-16 ) ) ;
#369 = VECTOR ( 'NONE', #1664, 1000.000000000000000 ) ;
#370 = DIRECTION ( 'NONE',  ( 4.625929269271485914E-16, 1.000000000000000000, -5.219322342512834972E-32 ) ) ;
#371 = CARTESIAN_POINT ( 'NONE',  ( 40.34013386006890300, 224.8418468703287658, -21.44555129417493688 ) ) ;
#372 = ORIENTED_EDGE ( 'NONE', *, *, #1626, .F. ) ;
#373 = EDGE_CURVE ( 'NONE', #2465, #956, #394, .T. ) ;
#374 = DIRECTION ( 'NONE',  ( 0.000000000000000000, -1.000000000000000000, 0.000000000000000000 ) ) ;
#375 = DIRECTION ( 'NONE',  ( 0.000000000000000000, -1.000000000000000000, 0.000000000000000000 ) ) ;
#376 = EDGE_CURVE ( 'NONE', #1436, #1015, #2097, .T. ) ;
#377 = ORIENTED_EDGE ( 'NONE', *, *, #2173, .T. ) ;
#378 = DIRECTION ( 'NONE',  ( 1.000000000000000000, 0.000000000000000000, 1.360718665719281119E-17 ) ) ;
#379 = DIRECTION ( 'NONE',  ( 0.000000000000000000, -1.000000000000000000, -0.000000000000000000 ) ) ;
#380 = ORIENTED_EDGE ( 'NONE', *, *, #2011, .T. ) ;
#381 = VERTEX_POINT ( 'NONE', #665 ) ;
#382 = B_SPLINE_CURVE_WITH_KNOTS ( 'NONE', 3,
 ( #405, #2112, #1865, #633 ),
 .UNSPECIFIED., .F., .F.,
 ( 4, 4 ),
 ( 0.2941176470588235392, 0.7058823529411766273 ),
 .UNSPECIFIED. ) ;
#383 = DIRECTION ( 'NONE',  ( 4.625929269271485914E-16, -1.000000000000000000, 0.000000000000000000 ) ) ;
#384 = AXIS2_PLACEMENT_3D ( 'NONE', #1353, #3011, #2358 ) ;
#385 = EDGE_CURVE ( 'NONE', #1984, #1708, #2631, .T. ) ;
#386 = EDGE_CURVE ( 'NONE', #1089, #2967, #174, .T. ) ;
#387 = EDGE_CURVE ( 'NONE', #2158, #254, #3094, .T. ) ;
#388 = CARTESIAN_POINT ( 'NONE',  ( -13.27331021239401387, 20.16590222930928888, -13.67995642906754838 ) ) ;
#389 = CARTESIAN_POINT ( 'NONE',  ( -17.03905945693394486, 15.23672922917921468, -26.99999999999998934 ) ) ;
#390 = DIRECTION ( 'NONE',  ( 0.8320502943378449423, 0.000000000000000000, -0.5547001962252271490 ) ) ;
#391 = CARTESIAN_POINT ( 'NONE',  ( -6.938893903907228378E-15, 203.0000000000000000, 7.828983513769252240E-31 ) ) ;
#392 = ORIENTED_EDGE ( 'NONE', *, *, #973, .F. ) ;
#393 = FACE_OUTER_BOUND ( 'NONE', #2500, .T. ) ;
#394 = CIRCLE ( 'NONE', #291, 40.00000000000000711 ) ;
#395 = CARTESIAN_POINT ( 'NONE',  ( -39.37072803472528193, 229.9999999999999716, -7.572205202360714260 ) ) ;
#396 = AXIS2_PLACEMENT_3D ( 'NONE', #261, #1937, #1954 ) ;
#397 = CARTESIAN_POINT ( 'NONE',  ( -113.0000000000000000, 190.0000000000000000, -27.00000000000000000 ) ) ;
#398 = ORIENTED_EDGE ( 'NONE', *, *, #2074, .T. ) ;
#399 = ORIENTED_EDGE ( 'NONE', *, *, #571, .T. ) ;
#400 = FACE_BOUND ( 'NONE', #3071, .T. ) ;
#401 = ORIENTED_EDGE ( 'NONE', *, *, #1859, .F. ) ;
#402 = EDGE_CURVE ( 'NONE', #2205, #2464, #2834, .T. ) ;
#403 = CARTESIAN_POINT ( 'NONE',  ( 1.199999999368372983E-05, 19.99999999999998579, -15.00000000000001776 ) ) ;
#404 = EDGE_CURVE ( 'NONE', #3114, #2319, #3046, .T. ) ;
#405 = CARTESIAN_POINT ( 'NONE',  ( 5.999999993372417961E-06, 190.0000000000000000, -22.00000000000000000 ) ) ;
#406 = CYLINDRICAL_SURFACE ( 'NONE', #2855, 20.00000000000001066 ) ;
#407 = CYLINDRICAL_SURFACE ( 'NONE', #3064, 20.00000000000001066 ) ;
#408 = VERTEX_POINT ( 'NONE', #1226 ) ;
#409 = CARTESIAN_POINT ( 'NONE',  ( -96.00000000000000000, 203.0000000000000568, -4.499999999999985789 ) ) ;
#410 = CARTESIAN_POINT ( 'NONE',  ( -13.53930631456120359, 220.0306398157009937, -25.82155187987496348 ) ) ;
#411 = VECTOR ( 'NONE', #1494, 1000.000000000000000 ) ;
#412 = VECTOR ( 'NONE', #2361, 1000.000000000000000 ) ;
#413 = VECTOR ( 'NONE', #423, 1000.000000000000000 ) ;
#414 = DIRECTION ( 'NONE',  ( 0.000000000000000000, -0.000000000000000000, -1.000000000000000000 ) ) ;
#415 = AXIS2_PLACEMENT_3D ( 'NONE', #2794, #1047, #580 ) ;
#416 = VECTOR ( 'NONE', #2566, 1000.000000000000000 ) ;
#417 = ORIENTED_EDGE ( 'NONE', *, *, #1644, .F. ) ;
#418 = ORIENTED_EDGE ( 'NONE', *, *, #2596, .F. ) ;
#419 = PLANE ( 'NONE',  #158 ) ;
#420 = ORIENTED_EDGE ( 'NONE', *, *, #2833, .F. ) ;
#421 = VECTOR ( 'NONE', #1117, 1000.000000000000000 ) ;
#422 = CARTESIAN_POINT ( 'NONE',  ( -13.69405259991794388, 19.32345940289749109, -24.51819155982888176 ) ) ;
#423 = DIRECTION ( 'NONE',  ( 0.000000000000000000, 0.000000000000000000, 1.000000000000000000 ) ) ;
#424 = CARTESIAN_POINT ( 'NONE',  ( -40.00000000000000000, 218.0000000000000000, 3.469446951953614189E-15 ) ) ;
#425 = COLOUR_RGB ( '',0.7921568627450980005, 0.8196078431372548767, 0.9333333333333333481 ) ;
#426 = CARTESIAN_POINT ( 'NONE',  ( -99.00000000000000000, 203.0000000000000568, -22.50000000000000000 ) ) ;
#427 = EDGE_CURVE ( 'NONE', #2447, #2920, #3217, .T. ) ;
#428 = FACE_OUTER_BOUND ( 'NONE', #2954, .T. ) ;
#429 = DIRECTION ( 'NONE',  ( -1.000000000000000000, 0.000000000000000000, -1.228122814850836818E-16 ) ) ;
#430 = ORIENTED_EDGE ( 'NONE', *, *, #362, .T. ) ;
#431 = ORIENTED_EDGE ( 'NONE', *, *, #1617, .T. ) ;
#432 = ORIENTED_EDGE ( 'NONE', *, *, #1890, .T. ) ;
#433 = DIRECTION ( 'NONE',  ( -1.128275431529630729E-16, -0.000000000000000000, 1.000000000000000000 ) ) ;
#434 = CARTESIAN_POINT ( 'NONE',  ( 124.1055512754640091, 0.000000000000000000, -4.999999999999985789 ) ) ;
#435 = DIRECTION ( 'NONE',  ( 0.000000000000000000, -1.000000000000000000, 0.000000000000000000 ) ) ;
#436 = FACE_OUTER_BOUND ( 'NONE', #1640, .T. ) ;
#437 = ORIENTED_EDGE ( 'NONE', *, *, #2451, .T. ) ;
#438 = CARTESIAN_POINT ( 'NONE',  ( 20.00000000000000000, 195.0000000000000000, -27.00000000000000000 ) ) ;
#439 = CARTESIAN_POINT ( 'NONE',  ( -96.00000000000000000, 203.0000000000000568, -22.50000000000000000 ) ) ;
#440 = PLANE ( 'NONE',  #566 ) ;
#441 = EDGE_CURVE ( 'NONE', #275, #656, #652, .T. ) ;
#442 = EDGE_CURVE ( 'NONE', #956, #1194, #2440, .T. ) ;
#443 = DIRECTION ( 'NONE',  ( 0.000000000000000000, -1.000000000000000000, -1.224510688924804848E-16 ) ) ;
#444 = EDGE_LOOP ( 'NONE', ( #2079, #1790, #1806, #2272 ) ) ;
#445 = VERTEX_POINT ( 'NONE', #2731 ) ;
#446 = AXIS2_PLACEMENT_3D ( 'NONE', #190, #1196, #1212 ) ;
#447 = VECTOR ( 'NONE', #1021, 1000.000000000000000 ) ;
#448 = EDGE_LOOP ( 'NONE', ( #529, #906, #705, #184 ) ) ;
#449 = LINE ( 'NONE', #1400, #2597 ) ;
#450 =( LENGTH_UNIT ( ) NAMED_UNIT ( * ) SI_UNIT ( .MILLI., .METRE. ) );
#451 = LINE ( 'NONE', #2486, #828 ) ;
#452 = DIRECTION ( 'NONE',  ( -0.000000000000000000, 1.000000000000000000, -0.000000000000000000 ) ) ;
#453 = VERTEX_POINT ( 'NONE', #2176 ) ;
#454 = DIRECTION ( 'NONE',  ( 1.360718665719281427E-17, 0.000000000000000000, 1.000000000000000000 ) ) ;
#455 = DIRECTION ( 'NONE',  ( -1.128275431529630729E-16, 0.000000000000000000, 1.000000000000000000 ) ) ;
#456 = ORIENTED_EDGE ( 'NONE', *, *, #1207, .F. ) ;
#457 = CARTESIAN_POINT ( 'NONE',  ( 32.00000000000000000, 190.0000000000000000, 0.000000000000000000 ) ) ;
#458 = FACE_OUTER_BOUND ( 'NONE', #1667, .T. ) ;
#459 = ORIENTED_EDGE ( 'NONE', *, *, #682, .F. ) ;
#460 = ORIENTED_EDGE ( 'NONE', *, *, #1072, .F. ) ;
#461 = ADVANCED_BREP_SHAPE_REPRESENTATION ( '\X2\62a4680f\X0\', ( #1335, #2459, #415 ), #2959 ) ;
#462 = VECTOR ( 'NONE', #1849, 1000.000000000000000 ) ;
#463 = EDGE_LOOP ( 'NONE', ( #2004, #1199, #1442, #2666 ) ) ;
#464 = CARTESIAN_POINT ( 'NONE',  ( 33.80240934683563125, 19.12749550628147333, -24.82796230281138961 ) ) ;
#465 = DIRECTION ( 'NONE',  ( 1.228122814850836818E-16, -0.000000000000000000, 1.000000000000000000 ) ) ;
#466 = DIRECTION ( 'NONE',  ( 1.000000000000000000, 0.000000000000000000, 0.000000000000000000 ) ) ;
#467 = LINE ( 'NONE', #3121, #1598 ) ;
#468 = VERTEX_POINT ( 'NONE', #2717 ) ;
#469 = PLANE ( 'NONE',  #3099 ) ;
#470 =( NAMED_UNIT ( * ) SI_UNIT ( $, .STERADIAN. ) SOLID_ANGLE_UNIT ( ) );
#471 = ORIENTED_EDGE ( 'NONE', *, *, #67, .T. ) ;
#472 = EDGE_CURVE ( 'NONE', #125, #1521, #2475, .T. ) ;
#473 = FACE_OUTER_BOUND ( 'NONE', #2019, .T. ) ;
#474 = B_SPLINE_CURVE_WITH_KNOTS ( 'NONE', 3,
 ( #2865, #395, #114, #2118, #2366, #3110, #883, #865, #2381, #1136, #924, #2396, #127, #895, #2880, #653, #1637, #2916, #410, #686, #1394 ),
 .UNSPECIFIED., .F., .F.,
 ( 4, 2, 1, 2, 2, 2, 2, 2, 2, 2, 4 ),
 ( -4.000000204798338853E-05, 0.002319769693878723314, 0.004679539389805430043, 0.007039309085732136338, 0.009399078781658843501, 0.01883815756536563746, 0.02355769695721903270, 0.02591746665314574247, 0.02827723634907244876, 0.03299677574092581972, 0.03771631513277919762 ),
 .UNSPECIFIED. ) ;
#475 = CARTESIAN_POINT ( 'NONE',  ( 133.0000000000000000, 0.000000000000000000, -4.999999999999985789 ) ) ;
#476 = ORIENTED_EDGE ( 'NONE', *, *, #2030, .T. ) ;
#477 = CARTESIAN_POINT ( 'NONE',  ( -83.00000000000001421, 205.0000000000000284, -22.50000000000000000 ) ) ;
#478 = ORIENTED_EDGE ( 'NONE', *, *, #1758, .T. ) ;
#479 = EDGE_CURVE ( 'NONE', #2824, #2998, #952, .T. ) ;
#480 = EDGE_CURVE ( 'NONE', #150, #2818, #2884, .T. ) ;
#481 = CARTESIAN_POINT ( 'NONE',  ( 33.22815636784045523, 20.26424039832860657, -13.36339043316799646 ) ) ;
#482 = ADVANCED_FACE ( 'NONE', ( #2673 ), #209, .F. ) ;
#483 = CARTESIAN_POINT ( 'NONE',  ( 120.5000000000000142, 12.00000000000000000, -4.999999999999985789 ) ) ;
#484 = DIRECTION ( 'NONE',  ( -0.000000000000000000, 5.219322342512834972E-32, 1.000000000000000000 ) ) ;
#485 = ORIENTED_EDGE ( 'NONE', *, *, #2985, .T. ) ;
#486 = DIRECTION ( 'NONE',  ( 0.000000000000000000, -1.000000000000000000, -0.000000000000000000 ) ) ;
#487 = LINE ( 'NONE', #715, #2337 ) ;
#488 = ORIENTED_EDGE ( 'NONE', *, *, #1758, .F. ) ;
#489 = CARTESIAN_POINT ( 'NONE',  ( 122.9961508830135415, 12.00000000000000000, -5.335899411324306563 ) ) ;
#490 = VECTOR ( 'NONE', #1071, 1000.000000000000000 ) ;
#491 = CARTESIAN_POINT ( 'NONE',  ( 20.00000000000000000, 19.99999999999998579, -27.00000000000000000 ) ) ;
#492 = ORIENTED_EDGE ( 'NONE', *, *, #1292, .T. ) ;
#493 = ORIENTED_EDGE ( 'NONE', *, *, #2877, .T. ) ;
#494 = VECTOR ( 'NONE', #2591, 1000.000000000000000 ) ;
#495 = ORIENTED_EDGE ( 'NONE', *, *, #3095, .T. ) ;
#496 = VECTOR ( 'NONE', #1569, 1000.000000000000000 ) ;
#497 = FACE_OUTER_BOUND ( 'NONE', #672, .T. ) ;
#498 = LINE ( 'NONE', #2471, #773 ) ;
#499 = DIRECTION ( 'NONE',  ( 0.000000000000000000, -1.000000000000000000, 5.219322342512834972E-32 ) ) ;
#500 = ORIENTED_EDGE ( 'NONE', *, *, #386, .T. ) ;
#501 = EDGE_CURVE ( 'NONE', #3058, #610, #1668, .T. ) ;
#502 = DIRECTION ( 'NONE',  ( 1.000000000000000000, -0.000000000000000000, 1.128275431529630729E-16 ) ) ;
#503 = DIRECTION ( 'NONE',  ( 0.000000000000000000, -1.000000000000000000, -0.000000000000000000 ) ) ;
#504 = ORIENTED_EDGE ( 'NONE', *, *, #2485, .T. ) ;
#505 = CARTESIAN_POINT ( 'NONE',  ( -20.00000000000002487, 19.99999999999998934, 1.734723475976807094E-14 ) ) ;
#506 = DIRECTION ( 'NONE',  ( 1.000000000000000000, 0.000000000000000000, 1.360718665719281119E-17 ) ) ;
#507 = ORIENTED_EDGE ( 'NONE', *, *, #283, .F. ) ;
#508 = ORIENTED_EDGE ( 'NONE', *, *, #861, .F. ) ;
#509 = ORIENTED_EDGE ( 'NONE', *, *, #740, .T. ) ;
#510 = VECTOR ( 'NONE', #2971, 1000.000000000000000 ) ;
#511 = VECTOR ( 'NONE', #2391, 1000.000000000000000 ) ;
#512 = LINE ( 'NONE', #1545, #411 ) ;
#513 = AXIS2_PLACEMENT_3D ( 'NONE', #124, #1129, #3135 ) ;
#514 = CARTESIAN_POINT ( 'NONE',  ( 104.0000000000000284, 203.0000000000000000, -4.499999999999984901 ) ) ;
#515 = DIRECTION ( 'NONE',  ( 0.000000000000000000, 0.000000000000000000, 1.000000000000000000 ) ) ;
#516 = EDGE_LOOP ( 'NONE', ( #118, #2895, #1940, #520, #2091, #350, #1315, #208, #286, #1043, #2364, #1652, #2104, #3201, #2593, #1056, #2882 ) ) ;
#517 = AXIS2_PLACEMENT_3D ( 'NONE', #1179, #2227, #923 ) ;
#518 = CARTESIAN_POINT ( 'NONE',  ( 20.03776194909735509, 18.74956819035567790, -25.32386125339193583 ) ) ;
#519 = DIRECTION ( 'NONE',  ( 0.000000000000000000, 0.000000000000000000, -1.000000000000000000 ) ) ;
#520 = ORIENTED_EDGE ( 'NONE', *, *, #1932, .F. ) ;
#521 = CARTESIAN_POINT ( 'NONE',  ( 58.73943923780488774, 229.9850951096144058, -8.045671746050352624 ) ) ;
#522 = DIRECTION ( 'NONE',  ( -4.625929269271485914E-16, -1.000000000000000000, 0.000000000000000000 ) ) ;
#523 = ADVANCED_FACE ( 'NONE', ( #1481 ), #2190, .F. ) ;
#524 = LINE ( 'NONE', #1441, #1793 ) ;
#525 = ORIENTED_EDGE ( 'NONE', *, *, #67, .F. ) ;
#526 = EDGE_LOOP ( 'NONE', ( #2840, #3040, #492, #1955 ) ) ;
#527 = AXIS2_PLACEMENT_3D ( 'NONE', #1301, #1826, #575 ) ;
#528 = FACE_OUTER_BOUND ( 'NONE', #2531, .T. ) ;
#529 = ORIENTED_EDGE ( 'NONE', *, *, #362, .F. ) ;
#530 = CARTESIAN_POINT ( 'NONE',  ( -110.0000000000000000, 218.0000000000000000, 1.387778780781445676E-14 ) ) ;
#531 = CARTESIAN_POINT ( 'NONE',  ( 117.0000000000000000, 205.0000000000000568, 7.828983513769252240E-31 ) ) ;
#532 = FACE_OUTER_BOUND ( 'NONE', #1680, .T. ) ;
#533 = EDGE_LOOP ( 'NONE', ( #102, #1231, #1185, #593 ) ) ;
#534 = CARTESIAN_POINT ( 'NONE',  ( -12.00000000000001954, 25.99999999999999645, -10.00000000000001776 ) ) ;
#535 = DIRECTION ( 'NONE',  ( -1.000000000000000000, 0.000000000000000000, 0.000000000000000000 ) ) ;
#536 = CARTESIAN_POINT ( 'NONE',  ( 57.48093448145586137, 229.9255701684193980, -8.988934558260016416 ) ) ;
#537 = PLANE ( 'NONE',  #1204 ) ;
#538 = ORIENTED_EDGE ( 'NONE', *, *, #722, .T. ) ;
#539 = VECTOR ( 'NONE', #795, 1000.000000000000000 ) ;
#540 = DIRECTION ( 'NONE',  ( 1.128275431529630729E-16, 0.000000000000000000, 1.000000000000000000 ) ) ;
#541 = EDGE_CURVE ( 'NONE', #1550, #1739, #3183, .T. ) ;
#542 = VERTEX_POINT ( 'NONE', #987 ) ;
#543 = DIRECTION ( 'NONE',  ( -1.228122814850836818E-16, 0.000000000000000000, 1.000000000000000000 ) ) ;
#544 = ADVANCED_FACE ( 'NONE', ( #2687 ), #469, .F. ) ;
#545 = ADVANCED_FACE ( 'NONE', ( #3168 ), #1701, .F. ) ;
#546 = DIRECTION ( 'NONE',  ( -0.000000000000000000, 5.219322342512834972E-32, 1.000000000000000000 ) ) ;
#547 = ORIENTED_EDGE ( 'NONE', *, *, #200, .F. ) ;
#548 = DIRECTION ( 'NONE',  ( 0.000000000000000000, 0.000000000000000000, 1.000000000000000000 ) ) ;
#549 = PLANE ( 'NONE',  #3161 ) ;
#550 = PLANE ( 'NONE',  #99 ) ;
#551 = VERTEX_POINT ( 'NONE', #1466 ) ;
#552 = LINE ( 'NONE', #322, #1164 ) ;
#553 = CARTESIAN_POINT ( 'NONE',  ( 0.000000000000000000, 19.99999999999998934, 7.545341948354403905E-15 ) ) ;
#554 = VERTEX_POINT ( 'NONE', #1730 ) ;
#555 = CARTESIAN_POINT ( 'NONE',  ( -0.005054907882048676263, 190.6613760459451896, -24.50665495924339510 ) ) ;
#556 = LINE ( 'NONE', #2090, #796 ) ;
#557 = DIRECTION ( 'NONE',  ( 0.000000000000000000, -1.000000000000000000, 0.000000000000000000 ) ) ;
#558 = ORIENTED_EDGE ( 'NONE', *, *, #3184, .F. ) ;
#559 = FACE_OUTER_BOUND ( 'NONE', #1268, .T. ) ;
#560 = DIRECTION ( 'NONE',  ( -1.000000000000000000, 0.000000000000000000, 0.000000000000000000 ) ) ;
#561 = ORIENTED_EDGE ( 'NONE', *, *, #1482, .F. ) ;
#562 = DIRECTION ( 'NONE',  ( 1.000000000000000000, 0.000000000000000000, 2.891205793294675861E-16 ) ) ;
#563 = DIRECTION ( 'NONE',  ( 0.000000000000000000, -1.000000000000000000, 0.000000000000000000 ) ) ;
#564 = EDGE_LOOP ( 'NONE', ( #2058, #755, #1154, #377, #380, #704 ) ) ;
#565 = AXIS2_PLACEMENT_3D ( 'NONE', #1276, #1002, #519 ) ;
#566 = AXIS2_PLACEMENT_3D ( 'NONE', #1421, #1717, #2946 ) ;
#567 = DIRECTION ( 'NONE',  ( -1.000000000000000000, 0.000000000000000000, -0.000000000000000000 ) ) ;
#568 = CARTESIAN_POINT ( 'NONE',  ( 20.00000000000000000, 24.99999999999999289, -10.00000000000001954 ) ) ;
#569 = AXIS2_PLACEMENT_3D ( 'NONE', #2177, #3169, #1483 ) ;
#570 = CARTESIAN_POINT ( 'NONE',  ( 60.00000000000000000, 230.0000000000000000, -7.100251257867591370 ) ) ;
#571 = EDGE_CURVE ( 'NONE', #107, #263, #1453, .T. ) ;
#572 = LINE ( 'NONE', #1070, #3047 ) ;
#573 = ORIENTED_EDGE ( 'NONE', *, *, #2375, .T. ) ;
#574 = CARTESIAN_POINT ( 'NONE',  ( 130.0000000000000000, 218.0000000000000000, -26.99999999999998579 ) ) ;
#575 = DIRECTION ( 'NONE',  ( 0.000000000000000000, -0.000000000000000000, -1.000000000000000000 ) ) ;
#576 = ORIENTED_EDGE ( 'NONE', *, *, #2557, .F. ) ;
#577 = VECTOR ( 'NONE', #1401, 1000.000000000000000 ) ;
#578 = CARTESIAN_POINT ( 'NONE',  ( 101.0000000000000142, 203.0000000000000000, -22.50000000000000000 ) ) ;
#579 = DIRECTION ( 'NONE',  ( 0.000000000000000000, 0.000000000000000000, -1.000000000000000000 ) ) ;
#580 = DIRECTION ( 'NONE',  ( 1.000000000000000000, 0.000000000000000000, 0.000000000000000000 ) ) ;
#581 = ORIENTED_EDGE ( 'NONE', *, *, #2246, .T. ) ;
#582 = ADVANCED_FACE ( 'NONE', ( #3199 ), #238, .T. ) ;
#583 = B_SPLINE_CURVE_WITH_KNOTS ( 'NONE', 3,
 ( #1407, #176, #1969, #2933, #192, #1951, #2995, #1733, #2214, #2706, #3202, #940, #1935, #1999, #1686, #764, #701, #1181, #3170, #259 ),
 .UNSPECIFIED., .F., .F.,
 ( 4, 2, 2, 2, 2, 2, 2, 2, 2, 4 ),
 ( 0.000000000000000000, 0.0009795789688049130750, 0.001469368453207369396, 0.001959157937609826150, 0.002938736906414668535, 0.003918315875219510920, 0.004897894844024353739, 0.005877473812829195690, 0.006857052781634038509, 0.007836631750438881328 ),
 .UNSPECIFIED. ) ;
#584 = CARTESIAN_POINT ( 'NONE',  ( 20.47833904171103470, 15.64013862832267598, -26.96924428135329066 ) ) ;
#585 = ADVANCED_FACE ( 'NONE', ( #1242 ), #256, .F. ) ;
#586 = CARTESIAN_POINT ( 'NONE',  ( 117.0000000000000000, 205.0000000000000568, -4.499999999999985789 ) ) ;
#587 = CARTESIAN_POINT ( 'NONE',  ( -12.06767710677784500, 191.9647029532027034, -25.98670872908103391 ) ) ;
#588 = CARTESIAN_POINT ( 'NONE',  ( 32.00000000000000000, 190.0000000000000000, -14.99999999999999822 ) ) ;
#589 = ORIENTED_EDGE ( 'NONE', *, *, #3053, .F. ) ;
#590 = DIRECTION ( 'NONE',  ( 0.000000000000000000, 0.000000000000000000, 1.000000000000000000 ) ) ;
#591 = DIRECTION ( 'NONE',  ( 1.000000000000000000, 0.000000000000000000, 1.128275431529630729E-16 ) ) ;
#592 = EDGE_LOOP ( 'NONE', ( #1099, #1517, #664, #1593 ) ) ;
#593 = ORIENTED_EDGE ( 'NONE', *, *, #3091, .T. ) ;
#594 = FACE_OUTER_BOUND ( 'NONE', #1639, .T. ) ;
#595 = CLOSED_SHELL ( 'NONE', ( #582, #1565, #2186, #104, #2411, #2655, #2105, #782, #2779, #625, #1211, #915, #1586, #3019, #108, #2215, #2453, #239, #3017, #1952, #3029, #761, #1413, #19, #585, #2575, #1248, #1308, #138, #2614, #2450, #1527, #2987, #1406, #2346, #2146, #2199, #1097, #2041, #3028, #2711, #2751, #2825, #173, #1792, #1485, #2291, #2544 ) ) ;
#596 = SURFACE_STYLE_USAGE ( .BOTH. , #1829 ) ;
#597 = ORIENTED_EDGE ( 'NONE', *, *, #5, .F. ) ;
#598 = PLANE ( 'NONE',  #2330 ) ;
#599 = LINE ( 'NONE', #352, #421 ) ;
#600 = VERTEX_POINT ( 'NONE', #534 ) ;
#601 = CARTESIAN_POINT ( 'NONE',  ( 32.00000000000000000, 190.0000000000000000, 0.000000000000000000 ) ) ;
#602 = ORIENTED_EDGE ( 'NONE', *, *, #973, .T. ) ;
#603 = EDGE_CURVE ( 'NONE', #745, #3155, #292, .T. ) ;
#604 = VECTOR ( 'NONE', #2796, 1000.000000000000000 ) ;
#605 = CARTESIAN_POINT ( 'NONE',  ( 122.9961508830135415, 0.000000000000000000, -24.66410058867567301 ) ) ;
#606 = AXIS2_PLACEMENT_3D ( 'NONE', #2707, #506, #1005 ) ;
#607 = DIRECTION ( 'NONE',  ( -1.128275431529630729E-16, 0.000000000000000000, -1.000000000000000000 ) ) ;
#608 = CARTESIAN_POINT ( 'NONE',  ( -3.673940397442059375E-16, 12.00000000000000000, -27.00000000000000000 ) ) ;
#609 = DIRECTION ( 'NONE',  ( -1.128275431529630729E-16, -0.000000000000000000, 1.000000000000000000 ) ) ;
#610 = VERTEX_POINT ( 'NONE', #1275 ) ;
#611 = DIRECTION ( 'NONE',  ( -4.625929269271485914E-16, 1.000000000000000000, -5.219322342512834972E-32 ) ) ;
#612 = EDGE_CURVE ( 'NONE', #2679, #2942, #552, .T. ) ;
#613 = CARTESIAN_POINT ( 'NONE',  ( -12.83101689255736666, 21.24228187455775085, -11.68592794407423874 ) ) ;
#614 = CARTESIAN_POINT ( 'NONE',  ( 100.0000000000000000, 12.00000000000000000, -24.99999999999998579 ) ) ;
#615 = CARTESIAN_POINT ( 'NONE',  ( -14.21197568772822351, 18.44070198173136177, -25.64383643339005303 ) ) ;
#616 = FACE_OUTER_BOUND ( 'NONE', #2617, .T. ) ;
#617 = CYLINDRICAL_SURFACE ( 'NONE', #2599, 2.000000000000000000 ) ;
#618 = VERTEX_POINT ( 'NONE', #273 ) ;
#619 = VECTOR ( 'NONE', #2252, 1000.000000000000000 ) ;
#620 = CARTESIAN_POINT ( 'NONE',  ( 116.0000000000000000, 218.0000000000000000, -4.499999999999985789 ) ) ;
#621 = AXIS2_PLACEMENT_3D ( 'NONE', #1034, #1767, #1018 ) ;
#622 = LINE ( 'NONE', #1852, #1738 ) ;
#623 = CARTESIAN_POINT ( 'NONE',  ( 3.469446951953614189E-15, 190.0000000000000000, -1.043654774164909318E-15 ) ) ;
#624 = EDGE_CURVE ( 'NONE', #2534, #290, #2525, .T. ) ;
#625 = ADVANCED_FACE ( 'NONE', ( #2029 ), #1766, .F. ) ;
#626 = LINE ( 'NONE', #2615, #183 ) ;
#627 = ORIENTED_EDGE ( 'NONE', *, *, #1207, .T. ) ;
#628 = ORIENTED_EDGE ( 'NONE', *, *, #285, .F. ) ;
#629 = FACE_BOUND ( 'NONE', #1426, .T. ) ;
#630 = CARTESIAN_POINT ( 'NONE',  ( 101.0000000000000000, 218.0000000000000000, -4.499999999999985789 ) ) ;
#631 = CARTESIAN_POINT ( 'NONE',  ( 19.99999400000000804, 19.99999999999998934, -22.00000000000000000 ) ) ;
#632 = CIRCLE ( 'NONE', #2816, 2.000000000000001776 ) ;
#633 = CARTESIAN_POINT ( 'NONE',  ( 6.000000000311311865E-06, 190.0000000000000000, -14.99999999999999645 ) ) ;
#634 = DIRECTION ( 'NONE',  ( 1.128275431529630729E-16, -0.000000000000000000, -1.000000000000000000 ) ) ;
#635 = DIRECTION ( 'NONE',  ( 1.128275431529630729E-16, -0.000000000000000000, 1.000000000000000000 ) ) ;
#636 = LINE ( 'NONE', #1619, #1968 ) ;
#637 = EDGE_CURVE ( 'NONE', #1777, #215, #829, .T. ) ;
#638 = FACE_OUTER_BOUND ( 'NONE', #2823, .T. ) ;
#639 = VERTEX_POINT ( 'NONE', #1258 ) ;
#640 = EDGE_LOOP ( 'NONE', ( #2514, #821, #2945, #1264, #1389 ) ) ;
#641 = EDGE_CURVE ( 'NONE', #1446, #656, #1326, .T. ) ;
#642 = DIRECTION ( 'NONE',  ( -1.128275431529630729E-16, 0.000000000000000000, -1.000000000000000000 ) ) ;
#643 = EDGE_LOOP ( 'NONE', ( #1000, #3173, #2481, #2334 ) ) ;
#644 = EDGE_CURVE ( 'NONE', #3155, #1131, #810, .T. ) ;
#645 = CARTESIAN_POINT ( 'NONE',  ( -13.56092350292147763, 19.57522345472272818, -24.02522217638787794 ) ) ;
#646 = CIRCLE ( 'NONE', #1953, 40.00000000000001421 ) ;
#647 = CARTESIAN_POINT ( 'NONE',  ( -81.00000000000000000, 218.0000000000000284, -22.50000000000000000 ) ) ;
#648 = LINE ( 'NONE', #2127, #2543 ) ;
#649 = DIRECTION ( 'NONE',  ( 1.000000000000000000, 0.000000000000000000, 0.000000000000000000 ) ) ;
#650 = ORIENTED_EDGE ( 'NONE', *, *, #29, .T. ) ;
#651 = LINE ( 'NONE', #409, #279 ) ;
#652 = CIRCLE ( 'NONE', #2153, 14.00000000000000178 ) ;
#653 = CARTESIAN_POINT ( 'NONE',  ( -18.58088745372166173, 223.7889990297226461, -22.63104825001497034 ) ) ;
#654 = EDGE_CURVE ( 'NONE', #381, #803, #1532, .T. ) ;
#655 = CARTESIAN_POINT ( 'NONE',  ( -113.0000000000000000, 190.0000000000000000, -9.999999999999996447 ) ) ;
#656 = VERTEX_POINT ( 'NONE', #2508 ) ;
#657 = ORIENTED_EDGE ( 'NONE', *, *, #571, .F. ) ;
#658 = LINE ( 'NONE', #1891, #1503 ) ;
#659 = ORIENTED_EDGE ( 'NONE', *, *, #402, .T. ) ;
#660 = CARTESIAN_POINT ( 'NONE',  ( -15.43325096857292422, 16.80869202394091033, -26.67015971130346230 ) ) ;
#661 = CARTESIAN_POINT ( 'NONE',  ( 131.0000000000000000, 0.000000000000000000, -24.99999999999998579 ) ) ;
#662 = CARTESIAN_POINT ( 'NONE',  ( 116.0000000000000000, 218.0000000000000568, -22.50000000000000000 ) ) ;
#663 = DIRECTION ( 'NONE',  ( -1.360718665719281119E-17, -1.224510688924804848E-16, 1.000000000000000000 ) ) ;
#664 = ORIENTED_EDGE ( 'NONE', *, *, #1012, .F. ) ;
#665 = CARTESIAN_POINT ( 'NONE',  ( 133.0000000000000000, 12.00000000000000000, 1.383850883036509067E-14 ) ) ;
#666 = CARTESIAN_POINT ( 'NONE',  ( -12.00000000000000000, 190.0000000000000000, 0.000000000000000000 ) ) ;
#667 = AXIS2_PLACEMENT_3D ( 'NONE', #1858, #2371, #1379 ) ;
#668 = CIRCLE ( 'NONE', #144, 14.00000000000000178 ) ;
#669 = AXIS2_PLACEMENT_3D ( 'NONE', #1656, #375, #2098 ) ;
#670 = CARTESIAN_POINT ( 'NONE',  ( -80.00000000000000000, 0.000000000000000000, -24.99999999999998579 ) ) ;
#671 = VECTOR ( 'NONE', #3197, 1000.000000000000000 ) ;
#672 = EDGE_LOOP ( 'NONE', ( #3122, #814, #912, #900 ) ) ;
#673 = ORIENTED_EDGE ( 'NONE', *, *, #177, .T. ) ;
#674 = ORIENTED_EDGE ( 'NONE', *, *, #1482, .T. ) ;
#675 = AXIS2_PLACEMENT_3D ( 'NONE', #2160, #955, #535 ) ;
#676 = CARTESIAN_POINT ( 'NONE',  ( 46.00000000000002842, 25.99999999999999645, -26.99999999999999645 ) ) ;
#677 = LINE ( 'NONE', #2957, #577 ) ;
#678 = EDGE_CURVE ( 'NONE', #542, #554, #2764, .T. ) ;
#679 = CARTESIAN_POINT ( 'NONE',  ( -83.00000000000001421, 205.0000000000000284, -4.499999999999984901 ) ) ;
#680 = DIRECTION ( 'NONE',  ( 0.000000000000000000, -5.219322342512834972E-32, -1.000000000000000000 ) ) ;
#681 = ORIENTED_EDGE ( 'NONE', *, *, #1936, .T. ) ;
#682 = EDGE_CURVE ( 'NONE', #2414, #2612, #1032, .T. ) ;
#683 = VECTOR ( 'NONE', #3084, 1000.000000000000000 ) ;
#684 = CARTESIAN_POINT ( 'NONE',  ( 130.0000000000000000, 207.5000000000000284, -7.100251257867583377 ) ) ;
#685 = DIRECTION ( 'NONE',  ( 1.128275431529630729E-16, -0.000000000000000000, -1.000000000000000000 ) ) ;
#686 = CARTESIAN_POINT ( 'NONE',  ( -12.47179824804096171, 219.0584739174137781, -26.44150168543010793 ) ) ;
#687 = EDGE_CURVE ( 'NONE', #165, #2645, #3024, .T. ) ;
#688 = DIRECTION ( 'NONE',  ( 0.000000000000000000, -0.000000000000000000, 1.000000000000000000 ) ) ;
#689 = ORIENTED_EDGE ( 'NONE', *, *, #1771, .T. ) ;
#690 = ORIENTED_EDGE ( 'NONE', *, *, #2309, .T. ) ;
#691 = VERTEX_POINT ( 'NONE', #59 ) ;
#692 = CIRCLE ( 'NONE', #384, 14.00000000000000178 ) ;
#693 = CARTESIAN_POINT ( 'NONE',  ( 32.59532899558750785, 21.95117173386947229, -11.02387212134732586 ) ) ;
#694 = DIRECTION ( 'NONE',  ( 0.000000000000000000, 0.000000000000000000, 1.000000000000000000 ) ) ;
#695 = CARTESIAN_POINT ( 'NONE',  ( -113.0000000000000000, 0.000000000000000000, -2.999999999999986233 ) ) ;
#696 = LINE ( 'NONE', #2128, #1650 ) ;
#697 = ORIENTED_EDGE ( 'NONE', *, *, #2300, .T. ) ;
#698 = DIRECTION ( 'NONE',  ( -4.625929269271485914E-16, 1.000000000000000000, 0.000000000000000000 ) ) ;
#699 = CARTESIAN_POINT ( 'NONE',  ( 122.9961508830135415, 0.000000000000000000, -24.66410058867567301 ) ) ;
#700 = ORIENTED_EDGE ( 'NONE', *, *, #2375, .F. ) ;
#701 = CARTESIAN_POINT ( 'NONE',  ( 32.00039515525045886, 190.1622754741204062, -23.30589915420926062 ) ) ;
#702 = EDGE_CURVE ( 'NONE', #639, #1446, #1551, .T. ) ;
#703 = CARTESIAN_POINT ( 'NONE',  ( -84.00000000000001421, 203.0000000000000000, -4.499999999999984901 ) ) ;
#704 = ORIENTED_EDGE ( 'NONE', *, *, #1971, .F. ) ;
#705 = ORIENTED_EDGE ( 'NONE', *, *, #1625, .F. ) ;
#706 = VECTOR ( 'NONE', #1921, 1000.000000000000000 ) ;
#707 = EDGE_LOOP ( 'NONE', ( #1759, #1103, #1804, #2318, #2829, #2890 ) ) ;
#708 = CARTESIAN_POINT ( 'NONE',  ( 32.03575995623107531, 24.99999999999998579, -10.00000000000001776 ) ) ;
#709 = EDGE_CURVE ( 'NONE', #1186, #453, #1066, .T. ) ;
#710 = PLANE ( 'NONE',  #110 ) ;
#711 = CARTESIAN_POINT ( 'NONE',  ( 5.999999995107141437E-06, 19.99999999999998934, -22.00000000000000000 ) ) ;
#712 = CARTESIAN_POINT ( 'NONE',  ( -100.5000000000000142, 12.00000000000000000, -7.000000000000001776 ) ) ;
#713 = ORIENTED_EDGE ( 'NONE', *, *, #3162, .T. ) ;
#714 = DIRECTION ( 'NONE',  ( -0.000000000000000000, 0.000000000000000000, -1.000000000000000000 ) ) ;
#715 = CARTESIAN_POINT ( 'NONE',  ( 120.5000000000000142, 12.00000000000000000, -4.999999999999985789 ) ) ;
#716 = EDGE_LOOP ( 'NONE', ( #1567, #3016, #3191, #1616, #2856, #3085, #1707, #3014, #2249, #982, #843, #673 ) ) ;
#717 = DIRECTION ( 'NONE',  ( 1.000000000000000000, 0.000000000000000000, 1.128275431529630729E-16 ) ) ;
#718 = CARTESIAN_POINT ( 'NONE',  ( 0.000000000000000000, 12.00000000000000000, 0.000000000000000000 ) ) ;
#719 = EDGE_CURVE ( 'NONE', #600, #3088, #12, .T. ) ;
#720 = ORIENTED_EDGE ( 'NONE', *, *, #2166, .F. ) ;
#721 = LINE ( 'NONE', #2968, #175 ) ;
#722 = EDGE_CURVE ( 'NONE', #3141, #2964, #2024, .T. ) ;
#723 = CIRCLE ( 'NONE', #2649, 2.000000000000000888 ) ;
#724 = EDGE_CURVE ( 'NONE', #1025, #275, #2317, .T. ) ;
#725 = VECTOR ( 'NONE', #2303, 1000.000000000000000 ) ;
#726 = VECTOR ( 'NONE', #832, 1000.000000000000000 ) ;
#727 = ORIENTED_EDGE ( 'NONE', *, *, #3127, .T. ) ;
#728 = CARTESIAN_POINT ( 'NONE',  ( 32.67517246765353889, 21.69802730384154899, -11.23164552941616279 ) ) ;
#729 = CARTESIAN_POINT ( 'NONE',  ( -0.5520409773480243754, 15.32162141245542664, -26.99999999999999289 ) ) ;
#730 = DIRECTION ( 'NONE',  ( 0.000000000000000000, -5.219322342512834972E-32, -1.000000000000000000 ) ) ;
#731 = ORIENTED_EDGE ( 'NONE', *, *, #1291, .F. ) ;
#732 = DIRECTION ( 'NONE',  ( 0.000000000000000000, 0.000000000000000000, 1.000000000000000000 ) ) ;
#733 = FACE_OUTER_BOUND ( 'NONE', #1990, .T. ) ;
#734 = VECTOR ( 'NONE', #2320, 1000.000000000000000 ) ;
#735 = CYLINDRICAL_SURFACE ( 'NONE', #864, 40.00000000000000711 ) ;
#736 = VERTEX_POINT ( 'NONE', #2653 ) ;
#737 = ORIENTED_EDGE ( 'NONE', *, *, #2030, .F. ) ;
#738 = B_SPLINE_CURVE_WITH_KNOTS ( 'NONE', 3,
 ( #570, #62, #521, #536, #1568, #2258, #3062, #3010, #780, #2766, #2049, #2656, #2832, #371, #2607, #1615, #170, #1357, #2893, #1633, #1649 ),
 .UNSPECIFIED., .F., .F.,
 ( 4, 2, 1, 2, 2, 2, 2, 2, 2, 2, 4 ),
 ( -4.000000204798338853E-05, 0.002319769693878720278, 0.004679539389805423971, 0.007039309085732127665, 0.009399078781658831358, 0.01883815756536560623, 0.02355769695721898760, 0.02591746665314570083, 0.02827723634907241407, 0.03299677574092579890, 0.03771631513277919068 ),
 .UNSPECIFIED. ) ;
#739 = EDGE_CURVE ( 'NONE', #1812, #1867, #2360, .T. ) ;
#740 = EDGE_CURVE ( 'NONE', #1349, #816, #2374, .T. ) ;
#741 = EDGE_LOOP ( 'NONE', ( #1302, #2399, #2343, #1795, #627 ) ) ;
#742 = CARTESIAN_POINT ( 'NONE',  ( -100.5000000000000000, 12.00000000000000000, -24.99999999999998579 ) ) ;
#743 = CARTESIAN_POINT ( 'NONE',  ( -0.4783390417110430781, 15.64013862832268309, -26.96924428135329066 ) ) ;
#744 = CARTESIAN_POINT ( 'NONE',  ( 60.00000000000000000, 218.0000000000000000, 3.469446951953614189E-15 ) ) ;
#745 = VERTEX_POINT ( 'NONE', #3133 ) ;
#746 = DIRECTION ( 'NONE',  ( -1.000000000000000000, 0.000000000000000000, 0.000000000000000000 ) ) ;
#747 = DIRECTION ( 'NONE',  ( -6.938893903907173946E-15, 0.000000000000000000, -1.000000000000000000 ) ) ;
#748 = DIRECTION ( 'NONE',  ( -6.938893903907173157E-15, 0.000000000000000000, 1.000000000000000000 ) ) ;
#749 = VECTOR ( 'NONE', #3068, 1000.000000000000000 ) ;
#750 = DIRECTION ( 'NONE',  ( 1.000000000000000000, 0.000000000000000000, 1.128275431529630729E-16 ) ) ;
#751 = ORIENTED_EDGE ( 'NONE', *, *, #2908, .T. ) ;
#752 = ORIENTED_EDGE ( 'NONE', *, *, #480, .F. ) ;
#753 = EDGE_CURVE ( 'NONE', #1905, #1252, #134, .T. ) ;
#754 = VECTOR ( 'NONE', #1498, 1000.000000000000000 ) ;
#755 = ORIENTED_EDGE ( 'NONE', *, *, #778, .F. ) ;
#756 = VECTOR ( 'NONE', #414, 1000.000000000000000 ) ;
#757 = LINE ( 'NONE', #1796, #1438 ) ;
#758 = DIRECTION ( 'NONE',  ( 1.000000000000000000, 0.000000000000000000, 0.000000000000000000 ) ) ;
#759 = DIRECTION ( 'NONE',  ( 0.000000000000000000, 1.000000000000000000, 0.000000000000000000 ) ) ;
#760 = ORIENTED_EDGE ( 'NONE', *, *, #644, .T. ) ;
#761 = ADVANCED_FACE ( 'NONE', ( #1114 ), #598, .F. ) ;
#762 = CARTESIAN_POINT ( 'NONE',  ( 20.35028552185183770, 16.26987407144294551, -26.83878998426532547 ) ) ;
#763 = CARTESIAN_POINT ( 'NONE',  ( -100.5000000000000000, 12.00000000000000000, -24.99999999999998579 ) ) ;
#764 = CARTESIAN_POINT ( 'NONE',  ( 32.00091745786281905, 190.2591531997367440, -23.62203768474301668 ) ) ;
#765 = DIRECTION ( 'NONE',  ( 0.000000000000000000, 0.000000000000000000, -1.000000000000000000 ) ) ;
#766 = EDGE_LOOP ( 'NONE', ( #898, #1372, #1976, #346 ) ) ;
#767 = VERTEX_POINT ( 'NONE', #1127 ) ;
#768 = CARTESIAN_POINT ( 'NONE',  ( 19.99999999999998934, 190.0000000000000000, -19.66666666666666430 ) ) ;
#769 = VERTEX_POINT ( 'NONE', #1381 ) ;
#770 = VECTOR ( 'NONE', #1271, 1000.000000000000000 ) ;
#771 = VECTOR ( 'NONE', #1566, 1000.000000000000000 ) ;
#772 = DIRECTION ( 'NONE',  ( -6.938893903907222067E-15, 0.000000000000000000, -1.000000000000000000 ) ) ;
#773 = VECTOR ( 'NONE', #3196, 1000.000000000000000 ) ;
#774 = FACE_OUTER_BOUND ( 'NONE', #211, .T. ) ;
#775 = DIRECTION ( 'NONE',  ( -1.128275431529630729E-16, 0.000000000000000000, -1.000000000000000000 ) ) ;
#776 = ORIENTED_EDGE ( 'NONE', *, *, #2930, .F. ) ;
#777 = CARTESIAN_POINT ( 'NONE',  ( 123.5000000000000142, 12.00000000000000000, -4.999999999999985789 ) ) ;
#778 = EDGE_CURVE ( 'NONE', #3151, #1899, #3118, .T. ) ;
#779 = LINE ( 'NONE', #1801, #95 ) ;
#780 = CARTESIAN_POINT ( 'NONE',  ( 49.96583465853433381, 228.8043564022102885, -14.58592548706172209 ) ) ;
#781 = DIRECTION ( 'NONE',  ( -1.000000000000000000, 0.000000000000000000, 0.000000000000000000 ) ) ;
#782 = ADVANCED_FACE ( 'NONE', ( #2390 ), #2891, .F. ) ;
#783 = CARTESIAN_POINT ( 'NONE',  ( -113.0000000000000000, 12.00000000000000000, -26.99999999999998579 ) ) ;
#784 = ORIENTED_EDGE ( 'NONE', *, *, #958, .T. ) ;
#785 = DIRECTION ( 'NONE',  ( -1.000000000000000000, 0.000000000000000000, -1.360718665719281119E-17 ) ) ;
#786 = CYLINDRICAL_SURFACE ( 'NONE', #1094, 5.000000000000000888 ) ;
#787 = ORIENTED_EDGE ( 'NONE', *, *, #879, .T. ) ;
#788 = DIRECTION ( 'NONE',  ( 0.000000000000000000, -1.000000000000000000, 0.000000000000000000 ) ) ;
#789 = LINE ( 'NONE', #288, #2651 ) ;
#790 = PLANE ( 'NONE',  #1080 ) ;
#791 = EDGE_LOOP ( 'NONE', ( #54, #1092, #697, #504 ) ) ;
#792 = CARTESIAN_POINT ( 'NONE',  ( 0.000000000000000000, 12.00000000000000000, 0.000000000000000000 ) ) ;
#793 = CARTESIAN_POINT ( 'NONE',  ( -26.00000000000002132, 25.99999999999999645, 3.469446951953614189E-15 ) ) ;
#794 = CARTESIAN_POINT ( 'NONE',  ( -12.24764688408453850, 193.7191097393398707, -26.83590768055251985 ) ) ;
#795 = DIRECTION ( 'NONE',  ( 4.625929269271485914E-16, 1.000000000000000000, -5.219322342512834972E-32 ) ) ;
#796 = VECTOR ( 'NONE', #367, 1000.000000000000000 ) ;
#797 = CARTESIAN_POINT ( 'NONE',  ( 19.99999400000000804, 190.0000000000000000, -22.00000000000000000 ) ) ;
#798 = EDGE_LOOP ( 'NONE', ( #2039, #245, #2148, #1559, #2806 ) ) ;
#799 = DIRECTION ( 'NONE',  ( 0.000000000000000000, 0.000000000000000000, 1.000000000000000000 ) ) ;
#800 = EDGE_CURVE ( 'NONE', #254, #1592, #3090, .T. ) ;
#801 = B_SPLINE_CURVE_WITH_KNOTS ( 'NONE', 3,
 ( #1832, #351, #1341, #2341, #2092, #1663, #217, #1157, #2432, #464, #2907, #1412, #1696, #2668, #3163, #2923, #1190, #1222, #1448, #2955, #932, #2403 ),
 .UNSPECIFIED., .F., .F.,
 ( 4, 2, 2, 2, 2, 2, 2, 2, 2, 2, 4 ),
 ( 0.000000000000000000, 0.001138057899638532551, 0.001707086849457805115, 0.002276115799277077245, 0.002845144749096349592, 0.003414173698915622373, 0.004552231598554188317, 0.005690289498192753828, 0.006828347397831320206, 0.007966405297469886584, 0.009104463197108451228 ),
 .UNSPECIFIED. ) ;
#802 = DIRECTION ( 'NONE',  ( 0.000000000000000000, -1.000000000000000000, 0.000000000000000000 ) ) ;
#803 = VERTEX_POINT ( 'NONE', #844 ) ;
#804 = FACE_OUTER_BOUND ( 'NONE', #533, .T. ) ;
#805 = AXIS2_PLACEMENT_3D ( 'NONE', #1618, #2144, #1392 ) ;
#806 = LINE ( 'NONE', #2302, #2231 ) ;
#807 = ORIENTED_EDGE ( 'NONE', *, *, #882, .T. ) ;
#808 = CIRCLE ( 'NONE', #1220, 4.999999999999999112 ) ;
#809 = EDGE_CURVE ( 'NONE', #837, #960, #801, .T. ) ;
#810 = LINE ( 'NONE', #2273, #604 ) ;
#811 = DIRECTION ( 'NONE',  ( 0.000000000000000000, 1.000000000000000000, 0.000000000000000000 ) ) ;
#812 = VERTEX_POINT ( 'NONE', #742 ) ;
#813 = LINE ( 'NONE', #3081, #1811 ) ;
#814 = ORIENTED_EDGE ( 'NONE', *, *, #1279, .T. ) ;
#815 = DIRECTION ( 'NONE',  ( -0.8320502943378450533, 0.000000000000000000, 0.5547001962252271490 ) ) ;
#816 = VERTEX_POINT ( 'NONE', #168 ) ;
#817 = CYLINDRICAL_SURFACE ( 'NONE', #1996, 2.000000000000001776 ) ;
#818 = EDGE_CURVE ( 'NONE', #960, #1905, #2851, .T. ) ;
#819 = LINE ( 'NONE', #2549, #2504 ) ;
#820 = EDGE_CURVE ( 'NONE', #329, #1380, #1689, .T. ) ;
#821 = ORIENTED_EDGE ( 'NONE', *, *, #2810, .T. ) ;
#822 = EDGE_CURVE ( 'NONE', #2319, #989, #1173, .T. ) ;
#823 = CARTESIAN_POINT ( 'NONE',  ( 133.0000000000000000, 12.00000000000000000, -2.999999999999986233 ) ) ;
#824 = VECTOR ( 'NONE', #1140, 1000.000000000000000 ) ;
#825 = LINE ( 'NONE', #56, #2906 ) ;
#826 = EDGE_LOOP ( 'NONE', ( #221, #1203, #1468, #500 ) ) ;
#827 = VECTOR ( 'NONE', #920, 1000.000000000000000 ) ;
#828 = VECTOR ( 'NONE', #1929, 1000.000000000000000 ) ;
#829 = LINE ( 'NONE', #1564, #182 ) ;
#830 = FACE_OUTER_BOUND ( 'NONE', #2634, .T. ) ;
#831 = VECTOR ( 'NONE', #3021, 1000.000000000000000 ) ;
#832 = DIRECTION ( 'NONE',  ( 0.000000000000000000, -1.000000000000000000, -0.000000000000000000 ) ) ;
#833 = LINE ( 'NONE', #588, #496 ) ;
#834 = VECTOR ( 'NONE', #2623, 1000.000000000000000 ) ;
#835 = DIRECTION ( 'NONE',  ( -0.000000000000000000, 1.000000000000000000, -0.000000000000000000 ) ) ;
#836 = CARTESIAN_POINT ( 'NONE',  ( 133.0000000000000000, 24.99999999999998579, -15.00000000000001599 ) ) ;
#837 = VERTEX_POINT ( 'NONE', #2168 ) ;
#838 = ORIENTED_EDGE ( 'NONE', *, *, #1607, .F. ) ;
#839 = CIRCLE ( 'NONE', #1770, 2.000000000000001776 ) ;
#840 = DIRECTION ( 'NONE',  ( 0.000000000000000000, -5.219322342512834972E-32, -1.000000000000000000 ) ) ;
#841 = EDGE_CURVE ( 'NONE', #2645, #816, #2220, .T. ) ;
#842 = DIRECTION ( 'NONE',  ( 1.000000000000000000, 0.000000000000000000, -0.000000000000000000 ) ) ;
#843 = ORIENTED_EDGE ( 'NONE', *, *, #278, .T. ) ;
#844 = CARTESIAN_POINT ( 'NONE',  ( 46.00000000000002842, 12.00000000000000000, 3.184081677783121346E-15 ) ) ;
#845 = CARTESIAN_POINT ( 'NONE',  ( -113.0000000000000000, 12.00000000000000000, -24.99999999999998579 ) ) ;
#846 = DIRECTION ( 'NONE',  ( 0.000000000000000000, 0.000000000000000000, 1.000000000000000000 ) ) ;
#847 = ORIENTED_EDGE ( 'NONE', *, *, #2037, .T. ) ;
#848 = CARTESIAN_POINT ( 'NONE',  ( 20.00302207452526915, 190.5075082915648181, -24.21926339536356920 ) ) ;
#849 = DIRECTION ( 'NONE',  ( 0.000000000000000000, -1.000000000000000000, 0.000000000000000000 ) ) ;
#850 = EDGE_CURVE ( 'NONE', #2289, #1543, #1429, .T. ) ;
#851 = DIRECTION ( 'NONE',  ( 0.000000000000000000, 0.000000000000000000, -1.000000000000000000 ) ) ;
#852 = ORIENTED_EDGE ( 'NONE', *, *, #1607, .T. ) ;
#853 = DIRECTION ( 'NONE',  ( 1.000000000000000000, -0.000000000000000000, 1.228122814850836818E-16 ) ) ;
#854 = CARTESIAN_POINT ( 'NONE',  ( 116.0000000000000000, 218.0000000000000568, -22.50000000000000000 ) ) ;
#855 = DIRECTION ( 'NONE',  ( -4.625929269271485914E-16, 1.000000000000000000, 0.000000000000000000 ) ) ;
#856 = ORIENTED_EDGE ( 'NONE', *, *, #724, .F. ) ;
#857 = CARTESIAN_POINT ( 'NONE',  ( -16.19542151573357813, 15.99937286147444127, -26.90598152496473361 ) ) ;
#858 = DIRECTION ( 'NONE',  ( -0.5547001962252272600, 0.000000000000000000, -0.8320502943378450533 ) ) ;
#859 = EDGE_CURVE ( 'NONE', #1676, #618, #449, .T. ) ;
#860 = PLANE ( 'NONE',  #3065 ) ;
#861 = EDGE_CURVE ( 'NONE', #968, #150, #2697, .T. ) ;
#862 = VECTOR ( 'NONE', #308, 1000.000000000000000 ) ;
#863 = CARTESIAN_POINT ( 'NONE',  ( -17.33974596215565001, 14.99999999999998579, -26.99999999999999645 ) ) ;
#864 = AXIS2_PLACEMENT_3D ( 'NONE', #2233, #1, #750 ) ;
#865 = CARTESIAN_POINT ( 'NONE',  ( -33.08659927165331993, 229.4031572305748057, -12.27040704433534302 ) ) ;
#866 = EDGE_LOOP ( 'NONE', ( #432, #1274, #1752, #1476 ) ) ;
#867 = DIRECTION ( 'NONE',  ( 1.128275431529630729E-16, -0.000000000000000000, -1.000000000000000000 ) ) ;
#868 = DIRECTION ( 'NONE',  ( 1.000000000000000000, 0.000000000000000000, 0.000000000000000000 ) ) ;
#869 = ORIENTED_EDGE ( 'NONE', *, *, #441, .F. ) ;
#870 = VERTEX_POINT ( 'NONE', #2184 ) ;
#871 = CARTESIAN_POINT ( 'NONE',  ( 124.1055512754640091, 0.000000000000000000, -6.999999999999986677 ) ) ;
#872 = CARTESIAN_POINT ( 'NONE',  ( 119.0000000000000142, 218.0000000000000568, -22.50000000000000000 ) ) ;
#873 = CARTESIAN_POINT ( 'NONE',  ( 20.00000000000002487, 19.99999999999998934, -22.33226297106431701 ) ) ;
#874 = CARTESIAN_POINT ( 'NONE',  ( 124.1055512754640091, 12.00000000000000000, -4.999999999999985789 ) ) ;
#875 = DIRECTION ( 'NONE',  ( 0.000000000000000000, -0.000000000000000000, 1.000000000000000000 ) ) ;
#876 = ORIENTED_EDGE ( 'NONE', *, *, #1033, .F. ) ;
#877 = AXIS2_PLACEMENT_3D ( 'NONE', #1237, #105, #1352 ) ;
#878 = LINE ( 'NONE', #426, #2529 ) ;
#879 = EDGE_CURVE ( 'NONE', #321, #1856, #3176, .T. ) ;
#880 = VECTOR ( 'NONE', #1030, 1000.000000000000000 ) ;
#881 = VECTOR ( 'NONE', #1198, 1000.000000000000000 ) ;
#882 = EDGE_CURVE ( 'NONE', #1845, #936, #3194, .T. ) ;
#883 = CARTESIAN_POINT ( 'NONE',  ( -33.71423778197080878, 229.5081079910110589, -11.80342712535004956 ) ) ;
#884 = LINE ( 'NONE', #2868, #81 ) ;
#885 = ORIENTED_EDGE ( 'NONE', *, *, #637, .F. ) ;
#886 = CARTESIAN_POINT ( 'NONE',  ( -80.00000000000000000, 12.00000000000000000, -4.999999999999985789 ) ) ;
#887 = CARTESIAN_POINT ( 'NONE',  ( -96.00000000000000000, 203.0000000000000568, -22.50000000000000000 ) ) ;
#888 = DIRECTION ( 'NONE',  ( 1.128275431529630729E-16, 0.000000000000000000, -1.000000000000000000 ) ) ;
#889 = DIRECTION ( 'NONE',  ( 0.000000000000000000, 0.000000000000000000, 1.000000000000000000 ) ) ;
#890 = CARTESIAN_POINT ( 'NONE',  ( 40.00000000000002132, 0.000000000000000000, 2.449293598294709274E-15 ) ) ;
#891 = CARTESIAN_POINT ( 'NONE',  ( 19.99999999999999289, 190.0000000000000000, -1.043654774164909712E-15 ) ) ;
#892 = ORIENTED_EDGE ( 'NONE', *, *, #678, .F. ) ;
#893 = B_SPLINE_CURVE_WITH_KNOTS ( 'NONE', 3,
 ( #1311, #1501, #3026, #2307, #794, #1261, #1019, #78, #1749, #587, #2015, #2783, #1535, #1821, #2542, #313, #2750, #2294, #2799, #2066 ),
 .UNSPECIFIED., .F., .F.,
 ( 4, 2, 2, 2, 2, 2, 2, 2, 2, 4 ),
 ( 0.000000000000000000, 0.0009795789688049143761, 0.001469368453207371564, 0.001959157937609828752, 0.002938736906414670703, 0.003918315875219512655, 0.004897894844024354606, 0.005877473812829196557, 0.006857052781634039376, 0.007836631750438881328 ),
 .UNSPECIFIED. ) ;
#894 = LINE ( 'NONE', #1850, #1363 ) ;
#895 = CARTESIAN_POINT ( 'NONE',  ( -20.34013386006890300, 224.8418468703287090, -21.44555129417494754 ) ) ;
#896 = FACE_OUTER_BOUND ( 'NONE', #1941, .T. ) ;
#897 = ORIENTED_EDGE ( 'NONE', *, *, #472, .F. ) ;
#898 = ORIENTED_EDGE ( 'NONE', *, *, #2210, .T. ) ;
#899 = CARTESIAN_POINT ( 'NONE',  ( 100.0000000000000000, 12.00000000000000000, -4.999999999999985789 ) ) ;
#900 = ORIENTED_EDGE ( 'NONE', *, *, #1975, .T. ) ;
#901 = DIRECTION ( 'NONE',  ( 1.000000000000000000, 0.000000000000000000, 1.228122814850836818E-16 ) ) ;
#902 = AXIS2_PLACEMENT_3D ( 'NONE', #1202, #543, #2262 ) ;
#903 = FACE_OUTER_BOUND ( 'NONE', #2181, .T. ) ;
#904 = DIRECTION ( 'NONE',  ( 0.000000000000000000, -1.000000000000000000, 0.000000000000000000 ) ) ;
#905 = CARTESIAN_POINT ( 'NONE',  ( 19.99999400000000804, 190.0000000000000000, -22.00000000000000000 ) ) ;
#906 = ORIENTED_EDGE ( 'NONE', *, *, #2101, .F. ) ;
#907 = EDGE_CURVE ( 'NONE', #263, #445, #2938, .T. ) ;
#908 = CARTESIAN_POINT ( 'NONE',  ( 60.00000000000000000, 190.0000000000000000, -26.99999999999999645 ) ) ;
#909 = VECTOR ( 'NONE', #2943, 1000.000000000000000 ) ;
#910 = CARTESIAN_POINT ( 'NONE',  ( -113.0000000000000000, 12.00000000000000000, -4.999999999999985789 ) ) ;
#911 = FACE_OUTER_BOUND ( 'NONE', #1887, .T. ) ;
#912 = ORIENTED_EDGE ( 'NONE', *, *, #1178, .T. ) ;
#913 = ORIENTED_EDGE ( 'NONE', *, *, #1760, .F. ) ;
#914 = EDGE_CURVE ( 'NONE', #1695, #1874, #2901, .T. ) ;
#915 = ADVANCED_FACE ( 'NONE', ( #2025 ), #1761, .F. ) ;
#916 = ORIENTED_EDGE ( 'NONE', *, *, #541, .T. ) ;
#917 = CARTESIAN_POINT ( 'NONE',  ( -40.00000000000000000, 218.0000000000000000, 3.469446951953614189E-15 ) ) ;
#918 = CARTESIAN_POINT ( 'NONE',  ( 119.0000000000000142, 205.0000000000000568, -22.50000000000000000 ) ) ;
#919 = CARTESIAN_POINT ( 'NONE',  ( 5.999999995107141437E-06, 19.99999999999998934, -22.00000000000000000 ) ) ;
#920 = DIRECTION ( 'NONE',  ( 1.128275431529630729E-16, 0.000000000000000000, -1.000000000000000000 ) ) ;
#921 = ORIENTED_EDGE ( 'NONE', *, *, #202, .T. ) ;
#922 = DIRECTION ( 'NONE',  ( -0.000000000000000000, 5.219322342512834972E-32, 1.000000000000000000 ) ) ;
#923 = DIRECTION ( 'NONE',  ( 1.360718665719281119E-17, 0.000000000000000000, 1.000000000000000000 ) ) ;
#924 = CARTESIAN_POINT ( 'NONE',  ( -23.90248540192877513, 226.6408892126974024, -18.96837372377385478 ) ) ;
#925 = VECTOR ( 'NONE', #2469, 1000.000000000000000 ) ;
#926 = CIRCLE ( 'NONE', #1653, 2.000000000000001776 ) ;
#927 = DIRECTION ( 'NONE',  ( -0.000000000000000000, 1.000000000000000000, -0.000000000000000000 ) ) ;
#928 = MECHANICAL_DESIGN_GEOMETRIC_PRESENTATION_REPRESENTATION (  '', ( #981 ), #3069 ) ;
#929 = ORIENTED_EDGE ( 'NONE', *, *, #1544, .T. ) ;
#930 = ORIENTED_EDGE ( 'NONE', *, *, #2311, .F. ) ;
#931 = ORIENTED_EDGE ( 'NONE', *, *, #2173, .F. ) ;
#932 = CARTESIAN_POINT ( 'NONE',  ( 37.03905945693395552, 15.23672922917922179, -26.99999999999999645 ) ) ;
#933 = LINE ( 'NONE', #2669, #3171 ) ;
#934 = CARTESIAN_POINT ( 'NONE',  ( -40.00000000000000000, 218.0000000000000000, 3.469446951953614189E-15 ) ) ;
#935 = DIRECTION ( 'NONE',  ( 0.000000000000000000, 0.000000000000000000, 1.000000000000000000 ) ) ;
#936 = VERTEX_POINT ( 'NONE', #2986 ) ;
#937 = VECTOR ( 'NONE', #3035, 1000.000000000000000 ) ;
#938 = CARTESIAN_POINT ( 'NONE',  ( 119.0000000000000142, 203.0000000000000568, -22.50000000000000000 ) ) ;
#939 = CARTESIAN_POINT ( 'NONE',  ( -97.00000000000000000, 203.0000000000000568, -4.499999999999985789 ) ) ;
#940 = CARTESIAN_POINT ( 'NONE',  ( 32.02663340528467728, 191.2428252405843239, -25.31518268544038364 ) ) ;
#941 = LINE ( 'NONE', #2753, #2056 ) ;
#942 = ORIENTED_EDGE ( 'NONE', *, *, #2074, .F. ) ;
#943 = ORIENTED_EDGE ( 'NONE', *, *, #2329, .F. ) ;
#944 = EDGE_CURVE ( 'NONE', #2151, #73, #1286, .T. ) ;
#945 = ORIENTED_EDGE ( 'NONE', *, *, #739, .T. ) ;
#946 = EDGE_CURVE ( 'NONE', #2194, #1550, #757, .T. ) ;
#947 = CARTESIAN_POINT ( 'NONE',  ( 60.00000000000000000, 230.0000000000000000, 3.469446951953614189E-15 ) ) ;
#948 = CARTESIAN_POINT ( 'NONE',  ( -3.673940397442059375E-16, 12.00000000000000000, -27.00000000000000000 ) ) ;
#949 = CARTESIAN_POINT ( 'NONE',  ( -0.03776194909735322569, 18.74956819035567435, -25.32386125339193228 ) ) ;
#950 = DIRECTION ( 'NONE',  ( -1.128275431529630729E-16, -0.000000000000000000, 1.000000000000000000 ) ) ;
#951 = ORIENTED_EDGE ( 'NONE', *, *, #2474, .F. ) ;
#952 = LINE ( 'NONE', #222, #1061 ) ;
#953 = EDGE_CURVE ( 'NONE', #1265, #2212, #1740, .T. ) ;
#954 = EDGE_CURVE ( 'NONE', #2998, #107, #248, .T. ) ;
#955 = DIRECTION ( 'NONE',  ( 0.000000000000000000, 0.000000000000000000, 1.000000000000000000 ) ) ;
#956 = VERTEX_POINT ( 'NONE', #3018 ) ;
#957 = CARTESIAN_POINT ( 'NONE',  ( -111.0000000000000000, 0.000000000000000000, -2.999999999999986233 ) ) ;
#958 = EDGE_CURVE ( 'NONE', #1349, #1025, #1477, .T. ) ;
#959 = CYLINDRICAL_SURFACE ( 'NONE', #606, 5.000000000000000888 ) ;
#960 = VERTEX_POINT ( 'NONE', #3056 ) ;
#961 = ORIENTED_EDGE ( 'NONE', *, *, #678, .T. ) ;
#962 = APPLICATION_CONTEXT ( 'automotive_design' ) ;
#963 = EDGE_LOOP ( 'NONE', ( #1967, #2280, #931, #2667, #1853 ) ) ;
#964 = CARTESIAN_POINT ( 'NONE',  ( -3.673940397442059375E-16, 0.000000000000000000, -27.00000000000000000 ) ) ;
#965 = CARTESIAN_POINT ( 'NONE',  ( 19.99999400000000804, 190.0000000000000000, -22.00000000000000000 ) ) ;
#966 = CARTESIAN_POINT ( 'NONE',  ( -0.02624466274416111314, 18.95908712153319797, -25.07170186548776414 ) ) ;
#967 = PLANE ( 'NONE',  #2388 ) ;
#968 = VERTEX_POINT ( 'NONE', #2484 ) ;
#969 = CARTESIAN_POINT ( 'NONE',  ( 0.000000000000000000, 185.0000000000000000, -14.99999999999999822 ) ) ;
#970 = EDGE_LOOP ( 'NONE', ( #856, #525, #1939, #2805 ) ) ;
#971 = FACE_OUTER_BOUND ( 'NONE', #1378, .T. ) ;
#972 = EDGE_CURVE ( 'NONE', #3160, #468, #70, .T. ) ;
#973 = EDGE_CURVE ( 'NONE', #1521, #2387, #512, .T. ) ;
#974 = DIRECTION ( 'NONE',  ( 0.000000000000000000, 0.000000000000000000, -1.000000000000000000 ) ) ;
#975 = VERTEX_POINT ( 'NONE', #1254 ) ;
#976 = CARTESIAN_POINT ( 'NONE',  ( -100.5000000000000000, 0.000000000000000000, -4.999999999999985789 ) ) ;
#977 = VECTOR ( 'NONE', #1295, 1000.000000000000000 ) ;
#978 = AXIS2_PLACEMENT_3D ( 'NONE', #1437, #717, #2444 ) ;
#979 = PRODUCT_DEFINITION_SHAPE ( 'NONE', 'NONE',  #1095 ) ;
#980 = VECTOR ( 'NONE', #3039, 1000.000000000000000 ) ;
#981 = STYLED_ITEM ( 'NONE', ( #2827 ), #2459 ) ;
#982 = ORIENTED_EDGE ( 'NONE', *, *, #702, .F. ) ;
#983 = CARTESIAN_POINT ( 'NONE',  ( 33.35088935932650855, 19.99999999999998579, -14.66416294979300439 ) ) ;
#984 = CARTESIAN_POINT ( 'NONE',  ( 7.925781243427933317E-05, 19.96720558918119437, -22.66053049899441518 ) ) ;
#985 = CARTESIAN_POINT ( 'NONE',  ( 104.0000000000000284, 203.0000000000000000, -22.50000000000000000 ) ) ;
#986 = VERTEX_POINT ( 'NONE', #1011 ) ;
#987 = CARTESIAN_POINT ( 'NONE',  ( -0.3137303340311342614, 195.0000000000000000, -27.00000000000000000 ) ) ;
#988 = DIRECTION ( 'NONE',  ( 4.625929269271485914E-16, 1.000000000000000000, -5.219322342512834972E-32 ) ) ;
#989 = VERTEX_POINT ( 'NONE', #530 ) ;
#990 = CARTESIAN_POINT ( 'NONE',  ( -111.0000000000000000, 0.000000000000000000, -26.99999999999998934 ) ) ;
#991 = VECTOR ( 'NONE', #3148, 1000.000000000000000 ) ;
#992 = PLANE ( 'NONE',  #1846 ) ;
#993 = ORIENTED_EDGE ( 'NONE', *, *, #822, .T. ) ;
#994 = ORIENTED_EDGE ( 'NONE', *, *, #1180, .F. ) ;
#995 = EDGE_CURVE ( 'NONE', #1225, #600, #267, .T. ) ;
#996 = ORIENTED_EDGE ( 'NONE', *, *, #1251, .T. ) ;
#997 = CARTESIAN_POINT ( 'NONE',  ( 104.0000000000000142, 218.0000000000000284, -4.499999999999984901 ) ) ;
#998 = CARTESIAN_POINT ( 'NONE',  ( -80.00000000000000000, 0.000000000000000000, -4.999999999999985789 ) ) ;
#999 = DIRECTION ( 'NONE',  ( 1.128275431529630729E-16, -0.000000000000000000, -1.000000000000000000 ) ) ;
#1000 = ORIENTED_EDGE ( 'NONE', *, *, #3089, .T. ) ;
#1001 = CARTESIAN_POINT ( 'NONE',  ( 120.5000000000000142, 12.00000000000000000, -24.99999999999998579 ) ) ;
#1002 = DIRECTION ( 'NONE',  ( -1.000000000000000000, 0.000000000000000000, 0.000000000000000000 ) ) ;
#1003 = ORIENTED_EDGE ( 'NONE', *, *, #1514, .T. ) ;
#1004 = CARTESIAN_POINT ( 'NONE',  ( -111.0000000000000000, 12.00000000000000000, -4.999999999999985789 ) ) ;
#1005 = DIRECTION ( 'NONE',  ( 0.000000000000000000, 0.000000000000000000, 1.000000000000000000 ) ) ;
#1006 = VERTEX_POINT ( 'NONE', #1778 ) ;
#1007 = ORIENTED_EDGE ( 'NONE', *, *, #1932, .T. ) ;
#1008 = VECTOR ( 'NONE', #2928, 1000.000000000000000 ) ;
#1009 = EDGE_LOOP ( 'NONE', ( #1661, #1472, #2770, #1660, #35, #2429, #1728, #1488, #318, #847, #2876, #32, #2416, #2402, #1227, #1123, #430 ) ) ;
#1010 = EDGE_CURVE ( 'NONE', #131, #986, #20, .T. ) ;
#1011 = CARTESIAN_POINT ( 'NONE',  ( -84.00000000000000000, 218.0000000000000284, -22.50000000000000000 ) ) ;
#1012 = EDGE_CURVE ( 'NONE', #1543, #2151, #1229, .T. ) ;
#1013 = FACE_OUTER_BOUND ( 'NONE', #1603, .T. ) ;
#1014 = CARTESIAN_POINT ( 'NONE',  ( 32.00000000000002132, 25.99999999999999645, -10.00000000000001776 ) ) ;
#1015 = VERTEX_POINT ( 'NONE', #1509 ) ;
#1016 = CARTESIAN_POINT ( 'NONE',  ( 20.29363883575800998, 16.58174778869458876, -26.74600280258126617 ) ) ;
#1017 = EDGE_CURVE ( 'NONE', #1709, #2919, #2521, .T. ) ;
#1018 = DIRECTION ( 'NONE',  ( -1.000000000000000000, 0.000000000000000000, 1.128275431529630482E-16 ) ) ;
#1019 = CARTESIAN_POINT ( 'NONE',  ( -12.18889662650714811, 193.2504851551040872, -26.68677896553385764 ) ) ;
#1020 = LINE ( 'NONE', #1098, #1107 ) ;
#1021 = DIRECTION ( 'NONE',  ( -0.8320502943378407235, -0.000000000000000000, 0.5547001962252335883 ) ) ;
#1022 = ORIENTED_EDGE ( 'NONE', *, *, #2069, .F. ) ;
#1023 = ORIENTED_EDGE ( 'NONE', *, *, #136, .T. ) ;
#1024 = FACE_OUTER_BOUND ( 'NONE', #2189, .T. ) ;
#1025 = VERTEX_POINT ( 'NONE', #2267 ) ;
#1026 = VECTOR ( 'NONE', #1908, 1000.000000000000000 ) ;
#1027 = VECTOR ( 'NONE', #370, 1000.000000000000000 ) ;
#1028 = DIRECTION ( 'NONE',  ( 0.000000000000000000, 0.000000000000000000, 1.000000000000000000 ) ) ;
#1029 = LINE ( 'NONE', #2813, #2077 ) ;
#1030 = DIRECTION ( 'NONE',  ( 0.000000000000000000, -1.000000000000000000, -0.000000000000000000 ) ) ;
#1031 = EDGE_LOOP ( 'NONE', ( #1995, #2738, #994, #372 ) ) ;
#1032 = LINE ( 'NONE', #1307, #2681 ) ;
#1033 = EDGE_CURVE ( 'NONE', #1708, #639, #1045, .T. ) ;
#1034 = CARTESIAN_POINT ( 'NONE',  ( -40.00000000000000000, 190.0000000000000000, 3.469446951953614189E-15 ) ) ;
#1035 = CARTESIAN_POINT ( 'NONE',  ( 133.0000000000000000, 12.00000000000000000, 1.383850883036509067E-14 ) ) ;
#1036 = CARTESIAN_POINT ( 'NONE',  ( -102.9961508830135273, 12.00000000000000000, -5.335899411324307451 ) ) ;
#1037 = LINE ( 'NONE', #3048, #2633 ) ;
#1038 = ORIENTED_EDGE ( 'NONE', *, *, #1723, .T. ) ;
#1039 = FACE_OUTER_BOUND ( 'NONE', #2538, .T. ) ;
#1040 = PRESENTATION_LAYER_ASSIGNMENT (  '', '', ( #6 ) ) ;
#1041 = CARTESIAN_POINT ( 'NONE',  ( -103.5000000000000142, 0.000000000000000000, -24.99999999999998579 ) ) ;
#1042 = B_SPLINE_CURVE_WITH_KNOTS ( 'NONE', 3,
 ( #1944, #729, #743, #1979, #2421, #2435, #205, #2221, #1192, #2187, #2727, #949, #966, #1711, #2940, #1961, #1478, #984, #2972, #711 ),
 .UNSPECIFIED., .F., .F.,
 ( 4, 2, 2, 2, 2, 2, 2, 2, 2, 4 ),
 ( 0.000000000000000000, 0.0009827819850611989056, 0.001474172977591803454, 0.001965563970122407786, 0.002948345955183607342, 0.003931127940244806031, 0.004913909925306004720, 0.005896691910367204276, 0.006879473895428402097, 0.007862255880489601653 ),
 .UNSPECIFIED. ) ;
#1043 = ORIENTED_EDGE ( 'NONE', *, *, #1427, .F. ) ;
#1044 = ADVANCED_FACE ( 'NONE', ( #804 ), #55, .T. ) ;
#1045 = LINE ( 'NONE', #36, #2169 ) ;
#1046 = LINE ( 'NONE', #37, #3216 ) ;
#1047 = DIRECTION ( 'NONE',  ( 0.000000000000000000, 0.000000000000000000, 1.000000000000000000 ) ) ;
#1048 = ORIENTED_EDGE ( 'NONE', *, *, #1974, .T. ) ;
#1049 = CARTESIAN_POINT ( 'NONE',  ( -26.00000000000002132, 11.99999999999999289, 3.469446951953614189E-15 ) ) ;
#1050 = CYLINDRICAL_SURFACE ( 'NONE', #1657, 5.000000000000000888 ) ;
#1051 = CARTESIAN_POINT ( 'NONE',  ( -0.07709500595748852714, 192.4973329724017503, -26.34105623557610798 ) ) ;
#1052 = ADVANCED_FACE ( 'NONE', ( #497 ), #250, .F. ) ;
#1053 = EDGE_CURVE ( 'NONE', #1006, #3051, #2632, .T. ) ;
#1054 = EDGE_CURVE ( 'NONE', #1807, #618, #1828, .T. ) ;
#1055 = CARTESIAN_POINT ( 'NONE',  ( -3.673940397442059375E-16, 12.00000000000000000, -27.00000000000000000 ) ) ;
#1056 = ORIENTED_EDGE ( 'NONE', *, *, #2380, .F. ) ;
#1057 = DIRECTION ( 'NONE',  ( 0.000000000000000000, 0.000000000000000000, 1.000000000000000000 ) ) ;
#1058 = CARTESIAN_POINT ( 'NONE',  ( -97.00000000000000000, 205.0000000000000568, -4.499999999999985789 ) ) ;
#1059 = ORIENTED_EDGE ( 'NONE', *, *, #1375, .F. ) ;
#1060 = CARTESIAN_POINT ( 'NONE',  ( -84.00000000000001421, 203.0000000000000000, -22.50000000000000000 ) ) ;
#1061 = VECTOR ( 'NONE', #732, 1000.000000000000000 ) ;
#1062 = DIRECTION ( 'NONE',  ( -1.000000000000000000, 0.000000000000000000, -1.360718665719281119E-17 ) ) ;
#1063 = DIRECTION ( 'NONE',  ( 0.000000000000000000, 0.000000000000000000, -1.000000000000000000 ) ) ;
#1064 = ORIENTED_EDGE ( 'NONE', *, *, #809, .F. ) ;
#1065 = VECTOR ( 'NONE', #1805, 1000.000000000000000 ) ;
#1066 = LINE ( 'NONE', #2063, #43 ) ;
#1067 = LINE ( 'NONE', #1820, #1965 ) ;
#1068 = DIRECTION ( 'NONE',  ( 6.938893903907173157E-15, 0.000000000000000000, 1.000000000000000000 ) ) ;
#1069 = ORIENTED_EDGE ( 'NONE', *, *, #709, .T. ) ;
#1070 = CARTESIAN_POINT ( 'NONE',  ( -100.5000000000000000, 0.000000000000000000, -4.999999999999985789 ) ) ;
#1071 = DIRECTION ( 'NONE',  ( 0.000000000000000000, -0.000000000000000000, -1.000000000000000000 ) ) ;
#1072 = EDGE_CURVE ( 'NONE', #2964, #837, #2336, .T. ) ;
#1073 = CARTESIAN_POINT ( 'NONE',  ( 124.1055512754639949, 12.00000000000000000, -22.99999999999998579 ) ) ;
#1074 = ORIENTED_EDGE ( 'NONE', *, *, #1313, .T. ) ;
#1075 = DIRECTION ( 'NONE',  ( 0.000000000000000000, -1.000000000000000000, 0.000000000000000000 ) ) ;
#1076 = AXIS2_PLACEMENT_3D ( 'NONE', #1096, #3131, #2089 ) ;
#1077 = CARTESIAN_POINT ( 'NONE',  ( -111.0000000000000000, 12.00000000000000000, -26.99999999999998934 ) ) ;
#1078 = CARTESIAN_POINT ( 'NONE',  ( 104.0000000000000284, 203.0000000000000000, -4.499999999999984901 ) ) ;
#1079 = ORIENTED_EDGE ( 'NONE', *, *, #1625, .T. ) ;
#1080 = AXIS2_PLACEMENT_3D ( 'NONE', #220, #484, #499 ) ;
#1081 = AXIS2_PLACEMENT_3D ( 'NONE', #505, #1484, #2495 ) ;
#1082 = DIRECTION ( 'NONE',  ( -1.000000000000000000, 4.625929269271485914E-16, 0.000000000000000000 ) ) ;
#1083 = CIRCLE ( 'NONE', #1917, 27.99999999999999645 ) ;
#1084 = CARTESIAN_POINT ( 'NONE',  ( -100.5000000000000000, 12.00000000000000000, -24.99999999999998579 ) ) ;
#1085 = VECTOR ( 'NONE', #1163, 1000.000000000000000 ) ;
#1086 = DIRECTION ( 'NONE',  ( 0.000000000000000000, 1.000000000000000000, -0.000000000000000000 ) ) ;
#1087 = CARTESIAN_POINT ( 'NONE',  ( 20.27239911769233061, 194.6719436405510919, -26.99999999999999645 ) ) ;
#1088 = VECTOR ( 'NONE', #1945, 1000.000000000000000 ) ;
#1089 = VERTEX_POINT ( 'NONE', #132 ) ;
#1090 = DIRECTION ( 'NONE',  ( -1.000000000000000000, 0.000000000000000000, 1.128275431529630482E-16 ) ) ;
#1091 = DIRECTION ( 'NONE',  ( -0.000000000000000000, -0.000000000000000000, -1.000000000000000000 ) ) ;
#1092 = ORIENTED_EDGE ( 'NONE', *, *, #2269, .F. ) ;
#1093 = EDGE_LOOP ( 'NONE', ( #232, #2974, #1244, #3023, #2461, #2678 ) ) ;
#1094 = AXIS2_PLACEMENT_3D ( 'NONE', #836, #68, #2331 ) ;
#1095 = PRODUCT_DEFINITION ( 'æœ', '', #309, #2213 ) ;
#1096 = CARTESIAN_POINT ( 'NONE',  ( 20.00000000000000711, 203.0000000000000568, 7.828983513769252240E-31 ) ) ;
#1097 = ADVANCED_FACE ( 'NONE', ( #594, #400, #629 ), #2841, .T. ) ;
#1098 = CARTESIAN_POINT ( 'NONE',  ( 101.0000000000000000, 218.0000000000000284, -22.50000000000000000 ) ) ;
#1099 = ORIENTED_EDGE ( 'NONE', *, *, #3211, .F. ) ;
#1100 = CARTESIAN_POINT ( 'NONE',  ( 20.00000000000000000, 12.00000000000000000, -27.00000000000000000 ) ) ;
#1101 = DIRECTION ( 'NONE',  ( 1.000000000000000000, -0.000000000000000000, 0.000000000000000000 ) ) ;
#1102 = DIRECTION ( 'NONE',  ( 1.000000000000000000, 0.000000000000000000, 1.128275431529629989E-16 ) ) ;
#1103 = ORIENTED_EDGE ( 'NONE', *, *, #2745, .F. ) ;
#1104 = CARTESIAN_POINT ( 'NONE',  ( 133.0000000000000000, 195.0000000000000000, -21.99999999999998579 ) ) ;
#1105 = CARTESIAN_POINT ( 'NONE',  ( 124.1055512754640091, 12.00000000000000000, -6.999999999999986677 ) ) ;
#1106 = DIRECTION ( 'NONE',  ( 0.000000000000000000, 0.000000000000000000, -1.000000000000000000 ) ) ;
#1107 = VECTOR ( 'NONE', #2338, 1000.000000000000000 ) ;
#1108 = DIRECTION ( 'NONE',  ( 6.938893903907222067E-15, 0.000000000000000000, -1.000000000000000000 ) ) ;
#1109 = EDGE_LOOP ( 'NONE', ( #2163, #195, #752, #2448, #1221 ) ) ;
#1110 = EDGE_LOOP ( 'NONE', ( #2550, #1489, #1493, #1168, #69, #727, #2413, #1064 ) ) ;
#1111 = DIRECTION ( 'NONE',  ( 0.000000000000000000, 5.219322342512834972E-32, 1.000000000000000000 ) ) ;
#1112 = CARTESIAN_POINT ( 'NONE',  ( -12.67517246765353889, 21.69802730384155254, -11.23164552941616456 ) ) ;
#1113 = EDGE_CURVE ( 'NONE', #1225, #1446, #1382, .T. ) ;
#1114 = FACE_OUTER_BOUND ( 'NONE', #2524, .T. ) ;
#1115 = EDGE_CURVE ( 'NONE', #968, #321, #2811, .T. ) ;
#1116 = EDGE_CURVE ( 'NONE', #2736, #2158, #348, .T. ) ;
#1117 = DIRECTION ( 'NONE',  ( -4.625929269271485914E-16, 1.000000000000000000, -5.219322342512834972E-32 ) ) ;
#1118 = PLANE ( 'NONE',  #1440 ) ;
#1119 = ORIENTED_EDGE ( 'NONE', *, *, #1444, .T. ) ;
#1120 = CARTESIAN_POINT ( 'NONE',  ( 122.9961508830135415, 12.00000000000000000, -5.335899411324307451 ) ) ;
#1121 = DIRECTION ( 'NONE',  ( -1.000000000000000000, -0.000000000000000000, -0.000000000000000000 ) ) ;
#1122 = CARTESIAN_POINT ( 'NONE',  ( -99.00000000000000000, 205.0000000000000568, -4.499999999999985789 ) ) ;
#1123 = ORIENTED_EDGE ( 'NONE', *, *, #637, .T. ) ;
#1124 = ORIENTED_EDGE ( 'NONE', *, *, #879, .F. ) ;
#1125 = CARTESIAN_POINT ( 'NONE',  ( -26.00000000000002132, 25.99999999999999645, 3.469446951953614189E-15 ) ) ;
#1126 = DIRECTION ( 'NONE',  ( 1.128275431529630729E-16, -0.000000000000000000, -1.000000000000000000 ) ) ;
#1127 = CARTESIAN_POINT ( 'NONE',  ( -11.43428628582858408, 218.0000000000000000, -27.00000000000000000 ) ) ;
#1128 = CARTESIAN_POINT ( 'NONE',  ( 123.5000000000000142, 12.00000000000000000, -24.99999999999998579 ) ) ;
#1129 = DIRECTION ( 'NONE',  ( 1.000000000000000000, 4.625929269271485914E-16, 0.000000000000000000 ) ) ;
#1130 = CARTESIAN_POINT ( 'NONE',  ( -40.00000000000000000, 230.0000000000000000, 3.469446951953614189E-15 ) ) ;
#1131 = VERTEX_POINT ( 'NONE', #899 ) ;
#1132 = VECTOR ( 'NONE', #163, 1000.000000000000000 ) ;
#1133 = CARTESIAN_POINT ( 'NONE',  ( 32.03575995623107531, 24.99999999999998579, -10.00000000000001776 ) ) ;
#1134 = AXIS2_PLACEMENT_3D ( 'NONE', #1209, #3002, #236 ) ;
#1135 = AXIS2_PLACEMENT_3D ( 'NONE', #1077, #2733, #1454 ) ;
#1136 = CARTESIAN_POINT ( 'NONE',  ( -27.51645148935982021, 228.0906808906273966, -16.38344808516614748 ) ) ;
#1137 = DIRECTION ( 'NONE',  ( 1.128275431529630729E-16, 0.000000000000000000, -1.000000000000000000 ) ) ;
#1138 = ORIENTED_EDGE ( 'NONE', *, *, #1331, .T. ) ;
#1139 = ORIENTED_EDGE ( 'NONE', *, *, #2659, .F. ) ;
#1140 = DIRECTION ( 'NONE',  ( 0.000000000000000000, 1.000000000000000000, 0.000000000000000000 ) ) ;
#1141 = ADVANCED_FACE ( 'NONE', ( #2136 ), #1336, .F. ) ;
#1142 = ORIENTED_EDGE ( 'NONE', *, *, #2867, .T. ) ;
#1143 = VECTOR ( 'NONE', #1091, 1000.000000000000000 ) ;
#1144 = DIRECTION ( 'NONE',  ( -4.625929269271485914E-16, -1.000000000000000000, 0.000000000000000000 ) ) ;
#1145 = CARTESIAN_POINT ( 'NONE',  ( 46.00000000000002842, 25.99999999999999645, 3.469446951953614189E-15 ) ) ;
#1146 = DIRECTION ( 'NONE',  ( 1.128275431529630729E-16, 0.000000000000000000, -1.000000000000000000 ) ) ;
#1147 = CARTESIAN_POINT ( 'NONE',  ( 103.0000000000000284, 203.0000000000000000, -4.499999999999984901 ) ) ;
#1148 = ORIENTED_EDGE ( 'NONE', *, *, #1447, .T. ) ;
#1149 = CARTESIAN_POINT ( 'NONE',  ( -99.00000000000000000, 218.0000000000000568, -22.50000000000000000 ) ) ;
#1150 = PLANE ( 'NONE',  #1234 ) ;
#1151 = ADVANCED_FACE ( 'NONE', ( #2584 ), #2121, .F. ) ;
#1152 = EDGE_CURVE ( 'NONE', #2612, #1609, #366, .T. ) ;
#1153 = CARTESIAN_POINT ( 'NONE',  ( -97.00000000000000000, 203.0000000000000568, -22.50000000000000000 ) ) ;
#1154 = ORIENTED_EDGE ( 'NONE', *, *, #1445, .F. ) ;
#1155 = VERTEX_POINT ( 'NONE', #1594 ) ;
#1156 = ORIENTED_EDGE ( 'NONE', *, *, #1936, .F. ) ;
#1157 = CARTESIAN_POINT ( 'NONE',  ( 33.64599187280531822, 19.41312965437119331, -24.35764314052991963 ) ) ;
#1158 = LINE ( 'NONE', #2352, #1925 ) ;
#1159 = CARTESIAN_POINT ( 'NONE',  ( 0.000000000000000000, 12.00000000000000000, 0.000000000000000000 ) ) ;
#1160 = DIRECTION ( 'NONE',  ( 1.128275431529630729E-16, 0.000000000000000000, -1.000000000000000000 ) ) ;
#1161 = EDGE_LOOP ( 'NONE', ( #3215, #2994, #2006, #3174 ) ) ;
#1162 = CARTESIAN_POINT ( 'NONE',  ( -40.00000000000000000, 230.0000000000000000, 3.469446951953614189E-15 ) ) ;
#1163 = DIRECTION ( 'NONE',  ( -1.000000000000000000, -0.000000000000000000, 1.128275431529630729E-16 ) ) ;
#1164 = VECTOR ( 'NONE', #1784, 1000.000000000000000 ) ;
#1165 = CARTESIAN_POINT ( 'NONE',  ( 32.00000000000000000, 1.224510688924807363E-15, -10.00000000000002132 ) ) ;
#1166 = CIRCLE ( 'NONE', #2315, 2.000000000000001776 ) ;
#1167 = DIRECTION ( 'NONE',  ( -1.000000000000000000, -0.000000000000000000, 2.891205793294675861E-16 ) ) ;
#1168 = ORIENTED_EDGE ( 'NONE', *, *, #2710, .F. ) ;
#1169 = ORIENTED_EDGE ( 'NONE', *, *, #907, .T. ) ;
#1170 = EDGE_CURVE ( 'NONE', #2499, #2818, #331, .T. ) ;
#1171 = EDGE_CURVE ( 'NONE', #165, #1521, #2619, .T. ) ;
#1172 = ORIENTED_EDGE ( 'NONE', *, *, #2443, .T. ) ;
#1173 = LINE ( 'NONE', #917, #925 ) ;
#1174 = CARTESIAN_POINT ( 'NONE',  ( 1.199999998250440095E-05, 19.99999999999998579, -17.33333333333334281 ) ) ;
#1175 = DIRECTION ( 'NONE',  ( -1.000000000000000000, 0.000000000000000000, -0.000000000000000000 ) ) ;
#1176 = ORIENTED_EDGE ( 'NONE', *, *, #63, .T. ) ;
#1177 = CARTESIAN_POINT ( 'NONE',  ( 120.5000000000000142, 12.00000000000000000, -24.99999999999998579 ) ) ;
#1178 = EDGE_CURVE ( 'NONE', #2296, #1361, #1195, .T. ) ;
#1179 = CARTESIAN_POINT ( 'NONE',  ( -3.673940397442059375E-16, 12.00000000000000000, -27.00000000000000000 ) ) ;
#1180 = EDGE_CURVE ( 'NONE', #1505, #2194, #632, .T. ) ;
#1181 = CARTESIAN_POINT ( 'NONE',  ( 31.99994387783288730, 190.0325875300401037, -22.65860803407471025 ) ) ;
#1182 = AXIS2_PLACEMENT_3D ( 'NONE', #1814, #2739, #2238 ) ;
#1183 = CIRCLE ( 'NONE', #2439, 20.00000000000000711 ) ;
#1184 = FACE_OUTER_BOUND ( 'NONE', #1093, .T. ) ;
#1185 = ORIENTED_EDGE ( 'NONE', *, *, #84, .T. ) ;
#1186 = VERTEX_POINT ( 'NONE', #119 ) ;
#1187 = ORIENTED_EDGE ( 'NONE', *, *, #2380, .T. ) ;
#1188 = EDGE_CURVE ( 'NONE', #1807, #2824, #839, .T. ) ;
#1189 = EDGE_CURVE ( 'NONE', #2774, #2937, #2858, .T. ) ;
#1190 = CARTESIAN_POINT ( 'NONE',  ( 35.43325096857293488, 16.80869202394091033, -26.67015971130346585 ) ) ;
#1191 = CARTESIAN_POINT ( 'NONE',  ( 19.99999999999998934, 190.0000000000000000, -17.33333333333332860 ) ) ;
#1192 = CARTESIAN_POINT ( 'NONE',  ( -0.1577721987120977443, 17.47777154697010005, -26.35519893284866910 ) ) ;
#1193 = CARTESIAN_POINT ( 'NONE',  ( -20.00000000000002487, 19.99999999999998934, 1.734723475976807094E-14 ) ) ;
#1194 = VERTEX_POINT ( 'NONE', #87 ) ;
#1195 = CIRCLE ( 'NONE', #2239, 2.000000000000000888 ) ;
#1196 = DIRECTION ( 'NONE',  ( 1.128275431529630729E-16, 0.000000000000000000, -1.000000000000000000 ) ) ;
#1197 = VERTEX_POINT ( 'NONE', #2826 ) ;
#1198 = DIRECTION ( 'NONE',  ( 0.000000000000000000, -1.000000000000000000, 0.000000000000000000 ) ) ;
#1199 = ORIENTED_EDGE ( 'NONE', *, *, #1331, .F. ) ;
#1200 = LINE ( 'NONE', #491, #2155 ) ;
#1201 = VERTEX_POINT ( 'NONE', #2885 ) ;
#1202 = CARTESIAN_POINT ( 'NONE',  ( 20.00000000000000000, 12.00000000000000000, -27.00000000000000000 ) ) ;
#1203 = ORIENTED_EDGE ( 'NONE', *, *, #612, .T. ) ;
#1204 = AXIS2_PLACEMENT_3D ( 'NONE', #887, #1843, #522 ) ;
#1205 = CARTESIAN_POINT ( 'NONE',  ( 32.44432569015061318, 22.48974230711703015, -10.66369362024806478 ) ) ;
#1206 = FILL_AREA_STYLE_COLOUR ( '', #425 ) ;
#1207 = EDGE_CURVE ( 'NONE', #2982, #1739, #658, .T. ) ;
#1208 = DIRECTION ( 'NONE',  ( -1.000000000000000000, 0.000000000000000000, 1.224646799147353207E-16 ) ) ;
#1209 = CARTESIAN_POINT ( 'NONE',  ( 32.00000000000000000, 0.000000000000000000, 0.000000000000000000 ) ) ;
#1210 = EDGE_LOOP ( 'NONE', ( #1949, #720, #2990, #737 ) ) ;
#1211 = ADVANCED_FACE ( 'NONE', ( #2648 ), #419, .F. ) ;
#1212 = DIRECTION ( 'NONE',  ( 1.000000000000000000, 0.000000000000000000, 1.128275431529630729E-16 ) ) ;
#1213 = CARTESIAN_POINT ( 'NONE',  ( 31.43428628582858764, 218.0000000000000000, -27.00000000000000000 ) ) ;
#1214 = ORIENTED_EDGE ( 'NONE', *, *, #442, .T. ) ;
#1215 = LINE ( 'NONE', #3220, #2956 ) ;
#1216 = VECTOR ( 'NONE', #3123, 1000.000000000000000 ) ;
#1217 = DIRECTION ( 'NONE',  ( -4.625929269271485914E-16, 1.000000000000000000, -5.219322342512834972E-32 ) ) ;
#1218 = VERTEX_POINT ( 'NONE', #2264 ) ;
#1219 = ORIENTED_EDGE ( 'NONE', *, *, #2618, .F. ) ;
#1220 = AXIS2_PLACEMENT_3D ( 'NONE', #297, #1280, #2804 ) ;
#1221 = ORIENTED_EDGE ( 'NONE', *, *, #2357, .F. ) ;
#1222 = CARTESIAN_POINT ( 'NONE',  ( 35.93241234870679079, 16.26449763558856887, -26.84590593141680159 ) ) ;
#1223 = CARTESIAN_POINT ( 'NONE',  ( 1.200000000486305871E-05, 19.99999999999998579, -19.66666666666667140 ) ) ;
#1224 = DIRECTION ( 'NONE',  ( 0.000000000000000000, -0.000000000000000000, 1.000000000000000000 ) ) ;
#1225 = VERTEX_POINT ( 'NONE', #2909 ) ;
#1226 = CARTESIAN_POINT ( 'NONE',  ( -81.00000000000001421, 205.0000000000000284, -4.499999999999985789 ) ) ;
#1227 = ORIENTED_EDGE ( 'NONE', *, *, #2557, .T. ) ;
#1228 = CARTESIAN_POINT ( 'NONE',  ( 120.5000000000000142, 12.00000000000000000, -4.999999999999985789 ) ) ;
#1229 = CIRCLE ( 'NONE', #3063, 2.000000000000001776 ) ;
#1230 = DIRECTION ( 'NONE',  ( -0.000000000000000000, -0.000000000000000000, -1.000000000000000000 ) ) ;
#1231 = ORIENTED_EDGE ( 'NONE', *, *, #972, .T. ) ;
#1232 = DIRECTION ( 'NONE',  ( 0.000000000000000000, -1.000000000000000000, 0.000000000000000000 ) ) ;
#1233 = AXIS2_PLACEMENT_3D ( 'NONE', #1913, #680, #2671 ) ;
#1234 = AXIS2_PLACEMENT_3D ( 'NONE', #2145, #3139, #1901 ) ;
#1235 = COLOUR_RGB ( '',0.7921568627450980005, 0.8196078431372548767, 0.9333333333333333481 ) ;
#1236 = ORIENTED_EDGE ( 'NONE', *, *, #1171, .T. ) ;
#1237 = CARTESIAN_POINT ( 'NONE',  ( 124.1055512754640091, 12.00000000000000000, -6.999999999999986677 ) ) ;
#1238 = VECTOR ( 'NONE', #649, 1000.000000000000000 ) ;
#1239 = LINE ( 'NONE', #2670, #1490 ) ;
#1240 = CARTESIAN_POINT ( 'NONE',  ( -40.00000000000000000, 190.0000000000000000, -26.99999999999999645 ) ) ;
#1241 = ORIENTED_EDGE ( 'NONE', *, *, #1690, .F. ) ;
#1242 = FACE_OUTER_BOUND ( 'NONE', #2180, .T. ) ;
#1243 = LINE ( 'NONE', #763, #2386 ) ;
#1244 = ORIENTED_EDGE ( 'NONE', *, *, #1722, .T. ) ;
#1245 = LINE ( 'NONE', #489, #3009 ) ;
#1246 = MECHANICAL_DESIGN_GEOMETRIC_PRESENTATION_REPRESENTATION (  '', ( #6 ), #2183 ) ;
#1247 = DIRECTION ( 'NONE',  ( 0.000000000000000000, 0.000000000000000000, -1.000000000000000000 ) ) ;
#1248 = ADVANCED_FACE ( 'NONE', ( #528 ), #2699, .F. ) ;
#1249 = ORIENTED_EDGE ( 'NONE', *, *, #202, .F. ) ;
#1250 = ORIENTED_EDGE ( 'NONE', *, *, #2888, .T. ) ;
#1251 = EDGE_CURVE ( 'NONE', #736, #1676, #677, .T. ) ;
#1252 = VERTEX_POINT ( 'NONE', #3177 ) ;
#1253 = EDGE_CURVE ( 'NONE', #1736, #3160, #1978, .T. ) ;
#1254 = CARTESIAN_POINT ( 'NONE',  ( 116.0000000000000000, 203.0000000000000568, -4.499999999999985789 ) ) ;
#1255 = DIRECTION ( 'NONE',  ( 0.000000000000000000, 1.000000000000000000, -0.000000000000000000 ) ) ;
#1256 = CARTESIAN_POINT ( 'NONE',  ( 60.00000000000000000, 218.0000000000000000, 3.469446951953614189E-15 ) ) ;
#1257 = ORIENTED_EDGE ( 'NONE', *, *, #2745, .T. ) ;
#1258 = CARTESIAN_POINT ( 'NONE',  ( -113.0000000000000000, 12.00000000000000000, 1.383850883036509067E-14 ) ) ;
#1259 = DIRECTION ( 'NONE',  ( 0.5547001962252336993, -0.000000000000000000, 0.8320502943378407235 ) ) ;
#1260 = ORIENTED_EDGE ( 'NONE', *, *, #1053, .F. ) ;
#1261 = CARTESIAN_POINT ( 'NONE',  ( -12.20750689021982183, 193.4062013250154450, -26.74199206434364484 ) ) ;
#1262 = CARTESIAN_POINT ( 'NONE',  ( 33.35088935932650855, 24.99999999999998579, -10.00000000000001776 ) ) ;
#1263 = CARTESIAN_POINT ( 'NONE',  ( 20.07709500595748864, 192.4973329724017503, -26.34105623557610798 ) ) ;
#1264 = ORIENTED_EDGE ( 'NONE', *, *, #1627, .F. ) ;
#1265 = VERTEX_POINT ( 'NONE', #2434 ) ;
#1266 = DIRECTION ( 'NONE',  ( 0.000000000000000000, -1.000000000000000000, 0.000000000000000000 ) ) ;
#1267 = AXIS2_PLACEMENT_3D ( 'NONE', #126, #635, #2963 ) ;
#1268 = EDGE_LOOP ( 'NONE', ( #258, #485, #2546, #266, #943 ) ) ;
#1269 = EDGE_CURVE ( 'NONE', #1709, #745, #1648, .T. ) ;
#1270 = VECTOR ( 'NONE', #1217, 1000.000000000000000 ) ;
#1271 = DIRECTION ( 'NONE',  ( 0.000000000000000000, -1.000000000000000000, -0.000000000000000000 ) ) ;
#1272 = DIRECTION ( 'NONE',  ( 1.666214550792758190E-33, -1.000000000000000000, -1.224510688924804848E-16 ) ) ;
#1273 = CARTESIAN_POINT ( 'NONE',  ( -83.00000000000001421, 203.0000000000000000, -4.499999999999984901 ) ) ;
#1274 = ORIENTED_EDGE ( 'NONE', *, *, #2166, .T. ) ;
#1275 = CARTESIAN_POINT ( 'NONE',  ( 120.5000000000000142, 0.000000000000000000, -4.999999999999985789 ) ) ;
#1276 = CARTESIAN_POINT ( 'NONE',  ( 133.0000000000000000, 12.00000000000000000, -4.999999999999985789 ) ) ;
#1277 = CARTESIAN_POINT ( 'NONE',  ( -0.3137303340311342614, 195.0000000000000000, -27.00000000000000000 ) ) ;
#1278 = DIRECTION ( 'NONE',  ( 1.000000000000000000, -0.000000000000000000, 1.360718665719281119E-17 ) ) ;
#1279 = EDGE_CURVE ( 'NONE', #2763, #2296, #34, .T. ) ;
#1280 = DIRECTION ( 'NONE',  ( -1.000000000000000000, 0.000000000000000000, 1.360718665719281119E-17 ) ) ;
#1281 = ORIENTED_EDGE ( 'NONE', *, *, #29, .F. ) ;
#1282 = PLANE ( 'NONE',  #1729 ) ;
#1283 = DIRECTION ( 'NONE',  ( -1.000000000000000000, 0.000000000000000000, 2.891205793294676354E-16 ) ) ;
#1284 = ORIENTED_EDGE ( 'NONE', *, *, #1746, .T. ) ;
#1285 = VECTOR ( 'NONE', #75, 1000.000000000000000 ) ;
#1286 = LINE ( 'NONE', #2551, #2801 ) ;
#1287 = VECTOR ( 'NONE', #2714, 1000.000000000000000 ) ;
#1288 = VECTOR ( 'NONE', #799, 1000.000000000000000 ) ;
#1289 = CARTESIAN_POINT ( 'NONE',  ( 32.00000000000000000, 0.000000000000000000, 0.000000000000000000 ) ) ;
#1290 = ORIENTED_EDGE ( 'NONE', *, *, #954, .F. ) ;
#1291 = EDGE_CURVE ( 'NONE', #745, #3102, #1414, .T. ) ;
#1292 = EDGE_CURVE ( 'NONE', #2763, #1736, #2419, .T. ) ;
#1293 = DIRECTION ( 'NONE',  ( -0.8320502943378407235, -0.000000000000000000, 0.5547001962252335883 ) ) ;
#1294 = ADVANCED_FACE ( 'NONE', ( #1024 ), #710, .F. ) ;
#1295 = DIRECTION ( 'NONE',  ( 4.625929269271485914E-16, 1.000000000000000000, -5.219322342512834972E-32 ) ) ;
#1296 = EDGE_LOOP ( 'NONE', ( #3205, #892, #942, #152 ) ) ;
#1297 = CARTESIAN_POINT ( 'NONE',  ( -0.2355884412332640010, 194.3469778315237306, -26.96802159635312890 ) ) ;
#1298 = CARTESIAN_POINT ( 'NONE',  ( -100.5000000000000142, 12.00000000000000000, -7.000000000000001776 ) ) ;
#1299 = EDGE_LOOP ( 'NONE', ( #399, #1249, #2354, #589 ) ) ;
#1300 = CARTESIAN_POINT ( 'NONE',  ( 133.0000000000000000, 190.0000000000000000, -9.999999999999996447 ) ) ;
#1301 = CARTESIAN_POINT ( 'NONE',  ( 0.000000000000000000, 0.000000000000000000, 0.000000000000000000 ) ) ;
#1302 = ORIENTED_EDGE ( 'NONE', *, *, #541, .F. ) ;
#1303 = DIRECTION ( 'NONE',  ( -0.000000000000000000, 1.000000000000000000, -0.000000000000000000 ) ) ;
#1304 = LINE ( 'NONE', #998, #2333 ) ;
#1305 = DIRECTION ( 'NONE',  ( 4.625929269271485914E-16, 1.000000000000000000, -5.219322342512834972E-32 ) ) ;
#1306 = ORIENTED_EDGE ( 'NONE', *, *, #2132, .F. ) ;
#1307 = CARTESIAN_POINT ( 'NONE',  ( -80.00000000000000000, 12.00000000000000000, -4.999999999999985789 ) ) ;
#1308 = ADVANCED_FACE ( 'NONE', ( #1960 ), #1927, .T. ) ;
#1309 = CARTESIAN_POINT ( 'NONE',  ( -111.0000000000000000, 12.00000000000000000, -24.99999999999998579 ) ) ;
#1310 = ORIENTED_EDGE ( 'NONE', *, *, #2165, .F. ) ;
#1311 = CARTESIAN_POINT ( 'NONE',  ( -12.45004537208818363, 195.0000000000000000, -27.00000000000000000 ) ) ;
#1312 = VERTEX_POINT ( 'NONE', #918 ) ;
#1313 = EDGE_CURVE ( 'NONE', #2920, #1874, #1992, .T. ) ;
#1314 = DIRECTION ( 'NONE',  ( -1.000000000000000000, 0.000000000000000000, 1.128275431529630729E-16 ) ) ;
#1315 = ORIENTED_EDGE ( 'NONE', *, *, #603, .F. ) ;
#1316 = CARTESIAN_POINT ( 'NONE',  ( 131.0000000000000000, 0.000000000000000000, -2.999999999999986233 ) ) ;
#1317 = VECTOR ( 'NONE', #785, 1000.000000000000000 ) ;
#1318 = PLANE ( 'NONE',  #2036 ) ;
#1319 = ORIENTED_EDGE ( 'NONE', *, *, #624, .T. ) ;
#1320 = DIRECTION ( 'NONE',  ( 1.000000000000000000, 0.000000000000000000, 1.128275431529630729E-16 ) ) ;
#1321 = VECTOR ( 'NONE', #2207, 1000.000000000000000 ) ;
#1322 = PLANE ( 'NONE',  #2389 ) ;
#1323 = APPLICATION_PROTOCOL_DEFINITION ( 'draft international standard', 'automotive_design', 1998, #962 ) ;
#1324 = ORIENTED_EDGE ( 'NONE', *, *, #719, .F. ) ;
#1325 = VECTOR ( 'NONE', #3082, 1000.000000000000000 ) ;
#1326 = LINE ( 'NONE', #1049, #2000 ) ;
#1327 = PLANE ( 'NONE',  #3158 ) ;
#1328 = CARTESIAN_POINT ( 'NONE',  ( -0.01271900473714373224, 191.0248950197800184, -25.05049459852466143 ) ) ;
#1329 = CARTESIAN_POINT ( 'NONE',  ( 20.23558844123327205, 194.3469778315237306, -26.96802159635312890 ) ) ;
#1330 = DIRECTION ( 'NONE',  ( -0.000000000000000000, -1.000000000000000000, -1.224510688924804848E-16 ) ) ;
#1331 = EDGE_CURVE ( 'NONE', #1197, #157, #933, .T. ) ;
#1332 = DIRECTION ( 'NONE',  ( -1.000000000000000000, -0.000000000000000000, -0.000000000000000000 ) ) ;
#1333 = ORIENTED_EDGE ( 'NONE', *, *, #2948, .T. ) ;
#1334 = ORIENTED_EDGE ( 'NONE', *, *, #376, .T. ) ;
#1335 = MANIFOLD_SOLID_BREP ( '\X2\52079664\X0\-\X2\62c94f38\X0\7[1]', #2879 ) ;
#1336 = PLANE ( 'NONE',  #1076 ) ;
#1337 = AXIS2_PLACEMENT_3D ( 'NONE', #287, #319, #548 ) ;
#1338 = CARTESIAN_POINT ( 'NONE',  ( -12.90784470652161886, 21.03672921574936083, -11.93417214197789811 ) ) ;
#1339 = VERTEX_POINT ( 'NONE', #53 ) ;
#1340 = AXIS2_PLACEMENT_3D ( 'NONE', #531, #2270, #320 ) ;
#1341 = CARTESIAN_POINT ( 'NONE',  ( 33.37142971249296153, 19.95613869113540062, -22.76147980275691296 ) ) ;
#1342 = DIRECTION ( 'NONE',  ( -1.000000000000000000, -0.000000000000000000, -1.360718665719281119E-17 ) ) ;
#1343 = AXIS2_PLACEMENT_3D ( 'NONE', #1797, #1255, #2253 ) ;
#1344 = CYLINDRICAL_SURFACE ( 'NONE', #251, 28.00000000000000355 ) ;
#1345 = DIRECTION ( 'NONE',  ( 0.000000000000000000, 0.000000000000000000, 1.000000000000000000 ) ) ;
#1346 = DIRECTION ( 'NONE',  ( 0.000000000000000000, 5.219322342512834972E-32, 1.000000000000000000 ) ) ;
#1347 = FACE_OUTER_BOUND ( 'NONE', #2182, .T. ) ;
#1348 = EDGE_CURVE ( 'NONE', #691, #1683, #1158, .T. ) ;
#1349 = VERTEX_POINT ( 'NONE', #2533 ) ;
#1350 = ORIENTED_EDGE ( 'NONE', *, *, #2516, .F. ) ;
#1351 = ADVANCED_FACE ( 'NONE', ( #2087 ), #2057, .F. ) ;
#1352 = DIRECTION ( 'NONE',  ( 0.000000000000000000, 0.000000000000000000, 1.000000000000000000 ) ) ;
#1353 = CARTESIAN_POINT ( 'NONE',  ( -26.00000000000002132, 25.99999999999999645, -10.00000000000001776 ) ) ;
#1354 = EDGE_CURVE ( 'NONE', #1550, #2583, #1662, .T. ) ;
#1355 = DIRECTION ( 'NONE',  ( 1.000000000000000000, 0.000000000000000000, -1.360718665719281119E-17 ) ) ;
#1356 = LINE ( 'NONE', #336, #1439 ) ;
#1357 = CARTESIAN_POINT ( 'NONE',  ( 35.73049910194590240, 221.8276446538907294, -24.48480272870633101 ) ) ;
#1358 = VERTEX_POINT ( 'NONE', #1794 ) ;
#1359 = DIRECTION ( 'NONE',  ( -1.000000000000000000, 0.000000000000000000, 0.000000000000000000 ) ) ;
#1360 = LINE ( 'NONE', #1165, #1132 ) ;
#1361 = VERTEX_POINT ( 'NONE', #2839 ) ;
#1362 = CYLINDRICAL_SURFACE ( 'NONE', #1513, 5.000000000000000888 ) ;
#1363 = VECTOR ( 'NONE', #2379, 1000.000000000000000 ) ;
#1364 = DIRECTION ( 'NONE',  ( 0.000000000000000000, 0.000000000000000000, 1.000000000000000000 ) ) ;
#1365 = ORIENTED_EDGE ( 'NONE', *, *, #2621, .F. ) ;
#1366 = ORIENTED_EDGE ( 'NONE', *, *, #283, .T. ) ;
#1367 = CARTESIAN_POINT ( 'NONE',  ( -97.00000000000000000, 205.0000000000000568, -22.50000000000000000 ) ) ;
#1368 = CARTESIAN_POINT ( 'NONE',  ( 0.000000000000000000, 0.000000000000000000, 0.000000000000000000 ) ) ;
#1369 = CARTESIAN_POINT ( 'NONE',  ( -17.33974596215565001, 14.99999999999998579, -26.99999999999999645 ) ) ;
#1370 = DIRECTION ( 'NONE',  ( -0.000000000000000000, -1.000000000000000000, -0.000000000000000000 ) ) ;
#1371 = PLANE ( 'NONE',  #513 ) ;
#1372 = ORIENTED_EDGE ( 'NONE', *, *, #1010, .F. ) ;
#1373 = CARTESIAN_POINT ( 'NONE',  ( 119.0000000000000142, 218.0000000000000568, -22.50000000000000000 ) ) ;
#1374 = CARTESIAN_POINT ( 'NONE',  ( 19.99999400000000094, 190.0000000000000000, -14.99999999999999645 ) ) ;
#1375 = EDGE_CURVE ( 'NONE', #1543, #2158, #345, .T. ) ;
#1376 = LINE ( 'NONE', #3128, #756 ) ;
#1377 = EDGE_LOOP ( 'NONE', ( #1988, #1048, #11, #1079, #1458, #130, #2046, #2167, #65, #2237, #1059, #1410, #3219, #2335, #307, #700, #2608 ) ) ;
#1378 = EDGE_LOOP ( 'NONE', ( #2722, #2561, #1007, #431 ) ) ;
#1379 = DIRECTION ( 'NONE',  ( 0.000000000000000000, -0.000000000000000000, -1.000000000000000000 ) ) ;
#1380 = VERTEX_POINT ( 'NONE', #1524 ) ;
#1381 = CARTESIAN_POINT ( 'NONE',  ( 32.00000000000000000, 190.0000000000000000, -14.99999999999999822 ) ) ;
#1382 = CIRCLE ( 'NONE', #3207, 13.99999999999999822 ) ;
#1383 = LINE ( 'NONE', #1895, #1027 ) ;
#1384 = EDGE_CURVE ( 'NONE', #1380, #837, #3070, .T. ) ;
#1385 = FACE_OUTER_BOUND ( 'NONE', #359, .T. ) ;
#1386 = AXIS2_PLACEMENT_3D ( 'NONE', #2817, #45, #2064 ) ;
#1387 = ADVANCED_FACE ( 'NONE', ( #2102 ), #786, .F. ) ;
#1388 = DIRECTION ( 'NONE',  ( -1.128275431529630729E-16, -0.000000000000000000, -1.000000000000000000 ) ) ;
#1389 = ORIENTED_EDGE ( 'NONE', *, *, #243, .F. ) ;
#1390 = CIRCLE ( 'NONE', #1081, 20.00000000000001066 ) ;
#1391 = EDGE_CURVE ( 'NONE', #2612, #1358, #819, .T. ) ;
#1392 = DIRECTION ( 'NONE',  ( 1.000000000000000000, 0.000000000000000000, 2.891205793294676354E-16 ) ) ;
#1393 = VECTOR ( 'NONE', #1305, 1000.000000000000000 ) ;
#1394 = CARTESIAN_POINT ( 'NONE',  ( -11.43428628582858408, 218.0000000000000000, -27.00000000000000000 ) ) ;
#1395 = FACE_OUTER_BOUND ( 'NONE', #592, .T. ) ;
#1396 = ORIENTED_EDGE ( 'NONE', *, *, #1188, .T. ) ;
#1397 = ORIENTED_EDGE ( 'NONE', *, *, #1170, .F. ) ;
#1398 = ORIENTED_EDGE ( 'NONE', *, *, #272, .F. ) ;
#1399 = VECTOR ( 'NONE', #218, 1000.000000000000000 ) ;
#1400 = CARTESIAN_POINT ( 'NONE',  ( 104.0000000000000142, 218.0000000000000284, -22.50000000000000000 ) ) ;
#1401 = DIRECTION ( 'NONE',  ( -4.625929269271485914E-16, 1.000000000000000000, -5.219322342512834972E-32 ) ) ;
#1402 = LINE ( 'NONE', #2156, #2124 ) ;
#1403 = FACE_OUTER_BOUND ( 'NONE', #741, .T. ) ;
#1404 = ORIENTED_EDGE ( 'NONE', *, *, #376, .F. ) ;
#1405 = DIRECTION ( 'NONE',  ( 0.000000000000000000, 0.000000000000000000, -1.000000000000000000 ) ) ;
#1406 = ADVANCED_FACE ( 'NONE', ( #101 ), #2808, .T. ) ;
#1407 = CARTESIAN_POINT ( 'NONE',  ( 32.45004537208818363, 195.0000000000000000, -27.00000000000000000 ) ) ;
#1408 = PLANE ( 'NONE',  #3100 ) ;
#1409 = ORIENTED_EDGE ( 'NONE', *, *, #404, .T. ) ;
#1410 = ORIENTED_EDGE ( 'NONE', *, *, #1012, .T. ) ;
#1411 = ORIENTED_EDGE ( 'NONE', *, *, #197, .F. ) ;
#1412 = CARTESIAN_POINT ( 'NONE',  ( 34.05950342058660851, 18.68621066846372969, -25.39705170611790308 ) ) ;
#1413 = ADVANCED_FACE ( 'NONE', ( #2298 ), #1318, .F. ) ;
#1414 = LINE ( 'NONE', #1449, #991 ) ;
#1415 = CARTESIAN_POINT ( 'NONE',  ( -20.00000000000002842, 19.99999999999998934, -26.99999999999999645 ) ) ;
#1416 = DIRECTION ( 'NONE',  ( 1.000000000000000000, 0.000000000000000000, 1.128275431529630729E-16 ) ) ;
#1417 = EDGE_LOOP ( 'NONE', ( #46, #488, #1972, #1480 ) ) ;
#1418 = CARTESIAN_POINT ( 'NONE',  ( 120.5000000000000142, 0.000000000000000000, -4.999999999999985789 ) ) ;
#1419 = CARTESIAN_POINT ( 'NONE',  ( -84.00000000000001421, 203.0000000000000000, -4.499999999999984901 ) ) ;
#1420 = AXIS2_PLACEMENT_3D ( 'NONE', #3138, #374, #1654 ) ;
#1421 = CARTESIAN_POINT ( 'NONE',  ( 20.00000000000000000, 0.000000000000000000, 0.000000000000000000 ) ) ;
#1422 = VECTOR ( 'NONE', #1364, 1000.000000000000000 ) ;
#1423 = DIRECTION ( 'NONE',  ( -0.000000000000000000, -0.000000000000000000, 1.000000000000000000 ) ) ;
#1424 = EDGE_CURVE ( 'NONE', #1643, #131, #2316, .T. ) ;
#1425 = EDGE_LOOP ( 'NONE', ( #1324, #1888, #1176, #1473, #270 ) ) ;
#1426 = EDGE_LOOP ( 'NONE', ( #2935, #3193, #456, #1981 ) ) ;
#1427 = EDGE_CURVE ( 'NONE', #2248, #2205, #2350, .T. ) ;
#1428 = ORIENTED_EDGE ( 'NONE', *, *, #271, .T. ) ;
#1429 = LINE ( 'NONE', #1977, #3157 ) ;
#1430 = SURFACE_STYLE_FILL_AREA ( #2154 ) ;
#1431 = DIRECTION ( 'NONE',  ( 2.891205793294676354E-16, -8.155191160176291097E-32, 1.000000000000000000 ) ) ;
#1432 = CARTESIAN_POINT ( 'NONE',  ( 124.1055512754639949, 0.000000000000000000, -24.99999999999998579 ) ) ;
#1433 = ORIENTED_EDGE ( 'NONE', *, *, #100, .F. ) ;
#1434 = CARTESIAN_POINT ( 'NONE',  ( 133.0000000000000000, 190.0000000000000000, -21.99999999999998579 ) ) ;
#1435 = CARTESIAN_POINT ( 'NONE',  ( 40.00000000000002842, 19.99999999999998934, -26.99999999999999645 ) ) ;
#1436 = VERTEX_POINT ( 'NONE', #328 ) ;
#1437 = CARTESIAN_POINT ( 'NONE',  ( 19.99999999999998579, 207.5000000000000284, -7.100251257867595811 ) ) ;
#1438 = VECTOR ( 'NONE', #2535, 1000.000000000000000 ) ;
#1439 = VECTOR ( 'NONE', #2892, 1000.000000000000000 ) ;
#1440 = AXIS2_PLACEMENT_3D ( 'NONE', #2095, #1880, #846 ) ;
#1441 = CARTESIAN_POINT ( 'NONE',  ( -97.00000000000000000, 203.0000000000000568, 7.828983513769252240E-31 ) ) ;
#1442 = ORIENTED_EDGE ( 'NONE', *, *, #1831, .F. ) ;
#1443 = ORIENTED_EDGE ( 'NONE', *, *, #373, .T. ) ;
#1444 = EDGE_CURVE ( 'NONE', #1609, #18, #85, .T. ) ;
#1445 = EDGE_CURVE ( 'NONE', #1459, #3151, #2760, .T. ) ;
#1446 = VERTEX_POINT ( 'NONE', #2581 ) ;
#1447 = EDGE_CURVE ( 'NONE', #1856, #691, #2838, .T. ) ;
#1448 = CARTESIAN_POINT ( 'NONE',  ( 36.19542151573359234, 15.99937286147443771, -26.90598152496473006 ) ) ;
#1449 = CARTESIAN_POINT ( 'NONE',  ( 120.5000000000000142, 12.00000000000000000, -24.99999999999998579 ) ) ;
#1450 = DIRECTION ( 'NONE',  ( 0.000000000000000000, -1.000000000000000000, -0.000000000000000000 ) ) ;
#1451 = LINE ( 'NONE', #712, #2226 ) ;
#1452 = VERTEX_POINT ( 'NONE', #363 ) ;
#1453 = LINE ( 'NONE', #1933, #1321 ) ;
#1454 = DIRECTION ( 'NONE',  ( 0.000000000000000000, 0.000000000000000000, -1.000000000000000000 ) ) ;
#1455 = ORIENTED_EDGE ( 'NONE', *, *, #1975, .F. ) ;
#1456 = LINE ( 'NONE', #212, #881 ) ;
#1457 = PLANE ( 'NONE',  #293 ) ;
#1458 = ORIENTED_EDGE ( 'NONE', *, *, #1746, .F. ) ;
#1459 = VERTEX_POINT ( 'NONE', #116 ) ;
#1460 = ORIENTED_EDGE ( 'NONE', *, *, #3116, .F. ) ;
#1461 = CARTESIAN_POINT ( 'NONE',  ( 33.27331021239402276, 20.16590222930928888, -13.67995642906754661 ) ) ;
#1462 = CARTESIAN_POINT ( 'NONE',  ( 124.1055512754639949, 12.00000000000000000, -24.99999999999998579 ) ) ;
#1463 = CARTESIAN_POINT ( 'NONE',  ( 100.0000000000000000, 0.000000000000000000, -4.999999999999985789 ) ) ;
#1464 = ORIENTED_EDGE ( 'NONE', *, *, #33, .F. ) ;
#1465 = CIRCLE ( 'NONE', #2150, 2.000000000000001776 ) ;
#1466 = CARTESIAN_POINT ( 'NONE',  ( -110.0000000000000000, 218.0000000000000000, -26.99999999999998579 ) ) ;
#1467 = CARTESIAN_POINT ( 'NONE',  ( 120.5000000000000284, 12.00000000000000000, -7.000000000000001776 ) ) ;
#1468 = ORIENTED_EDGE ( 'NONE', *, *, #1772, .F. ) ;
#1469 = CARTESIAN_POINT ( 'NONE',  ( -84.00000000000000000, 218.0000000000000284, -4.499999999999984901 ) ) ;
#1470 = AXIS2_PLACEMENT_3D ( 'NONE', #684, #502, #1714 ) ;
#1471 = DIRECTION ( 'NONE',  ( 0.000000000000000000, 0.000000000000000000, 1.000000000000000000 ) ) ;
#1472 = ORIENTED_EDGE ( 'NONE', *, *, #385, .T. ) ;
#1473 = ORIENTED_EDGE ( 'NONE', *, *, #1959, .T. ) ;
#1474 = VECTOR ( 'NONE', #2560, 1000.000000000000000 ) ;
#1475 = EDGE_CURVE ( 'NONE', #2464, #2937, #1166, .T. ) ;
#1476 = ORIENTED_EDGE ( 'NONE', *, *, #260, .T. ) ;
#1477 = LINE ( 'NONE', #1991, #2647 ) ;
#1478 = CARTESIAN_POINT ( 'NONE',  ( -0.0005590038507911300122, 19.83688766537608572, -23.30917898616930728 ) ) ;
#1479 = LINE ( 'NONE', #10, #880 ) ;
#1480 = ORIENTED_EDGE ( 'NONE', *, *, #479, .F. ) ;
#1481 = FACE_OUTER_BOUND ( 'NONE', #39, .T. ) ;
#1482 = EDGE_CURVE ( 'NONE', #1339, #551, #2664, .T. ) ;
#1483 = DIRECTION ( 'NONE',  ( 1.128275431529630729E-16, 0.000000000000000000, 1.000000000000000000 ) ) ;
#1484 = DIRECTION ( 'NONE',  ( 1.128275431529630729E-16, -0.000000000000000000, 1.000000000000000000 ) ) ;
#1485 = ADVANCED_FACE ( 'NONE', ( #1873 ), #2676, .F. ) ;
#1486 = VECTOR ( 'NONE', #788, 1000.000000000000000 ) ;
#1487 = LINE ( 'NONE', #2463, #2110 ) ;
#1488 = ORIENTED_EDGE ( 'NONE', *, *, #2847, .T. ) ;
#1489 = ORIENTED_EDGE ( 'NONE', *, *, #820, .F. ) ;
#1490 = VECTOR ( 'NONE', #435, 1000.000000000000000 ) ;
#1491 = AXIS2_PLACEMENT_3D ( 'NONE', #72, #2359, #855 ) ;
#1492 = VECTOR ( 'NONE', #1510, 1000.000000000000000 ) ;
#1493 = ORIENTED_EDGE ( 'NONE', *, *, #2985, .F. ) ;
#1494 = DIRECTION ( 'NONE',  ( -1.000000000000000000, 0.000000000000000000, 1.360718665719281119E-17 ) ) ;
#1495 = FACE_OUTER_BOUND ( 'NONE', #448, .T. ) ;
#1496 = FACE_OUTER_BOUND ( 'NONE', #1161, .T. ) ;
#1497 = ORIENTED_EDGE ( 'NONE', *, *, #84, .F. ) ;
#1498 = DIRECTION ( 'NONE',  ( -1.000000000000000000, 0.000000000000000000, 0.000000000000000000 ) ) ;
#1499 = DIRECTION ( 'NONE',  ( 0.8320502943378407235, 0.000000000000000000, -0.5547001962252336993 ) ) ;
#1500 = ORIENTED_EDGE ( 'NONE', *, *, #2618, .T. ) ;
#1501 = CARTESIAN_POINT ( 'NONE',  ( -12.39091070176802845, 194.6741685031486497, -26.99999999999999645 ) ) ;
#1502 = CARTESIAN_POINT ( 'NONE',  ( -81.00000000000001421, 203.0000000000000000, -4.499999999999985789 ) ) ;
#1503 = VECTOR ( 'NONE', #1642, 1000.000000000000000 ) ;
#1504 = LINE ( 'NONE', #1986, #1270 ) ;
#1505 = VERTEX_POINT ( 'NONE', #1153 ) ;
#1506 = EDGE_LOOP ( 'NONE', ( #681, #2677, #674, #2646, #3198 ) ) ;
#1507 = DIRECTION ( 'NONE',  ( -1.000000000000000000, -0.000000000000000000, 1.360718665719281119E-17 ) ) ;
#1508 = VERTEX_POINT ( 'NONE', #2119 ) ;
#1509 = CARTESIAN_POINT ( 'NONE',  ( 119.0000000000000142, 218.0000000000000568, -22.50000000000000000 ) ) ;
#1510 = DIRECTION ( 'NONE',  ( 1.000000000000000000, 0.000000000000000000, 2.891205793294675861E-16 ) ) ;
#1511 = DIRECTION ( 'NONE',  ( -0.000000000000000000, 0.000000000000000000, -1.000000000000000000 ) ) ;
#1512 = ORIENTED_EDGE ( 'NONE', *, *, #2949, .F. ) ;
#1513 = AXIS2_PLACEMENT_3D ( 'NONE', #2367, #28, #2016 ) ;
#1514 = EDGE_CURVE ( 'NONE', #1312, #2442, #884, .T. ) ;
#1515 = CARTESIAN_POINT ( 'NONE',  ( -100.5000000000000000, 12.00000000000000000, -24.99999999999998579 ) ) ;
#1516 = FACE_OUTER_BOUND ( 'NONE', #970, .T. ) ;
#1517 = ORIENTED_EDGE ( 'NONE', *, *, #944, .F. ) ;
#1518 = CARTESIAN_POINT ( 'NONE',  ( 120.5000000000000284, 0.000000000000000000, -7.000000000000001776 ) ) ;
#1519 = CARTESIAN_POINT ( 'NONE',  ( -12.18724906564645849, 23.69495903720032359, -10.16221003104583076 ) ) ;
#1520 = CARTESIAN_POINT ( 'NONE',  ( 20.01271900473713927, 191.0248950197800184, -25.05049459852466143 ) ) ;
#1521 = VERTEX_POINT ( 'NONE', #3112 ) ;
#1522 = PLANE ( 'NONE',  #2362 ) ;
#1523 = EDGE_CURVE ( 'NONE', #2568, #2174, #1622, .T. ) ;
#1524 = CARTESIAN_POINT ( 'NONE',  ( 33.35088935932650855, 19.99999999999998579, -15.00000000000001776 ) ) ;
#1525 = ADVANCED_FACE ( 'NONE', ( #1184 ), #1608, .F. ) ;
#1526 = ORIENTED_EDGE ( 'NONE', *, *, #2788, .F. ) ;
#1527 = ADVANCED_FACE ( 'NONE', ( #638 ), #1408, .F. ) ;
#1528 = CARTESIAN_POINT ( 'NONE',  ( -12.00000000000002132, 25.99999999999999645, 3.469446951953614189E-15 ) ) ;
#1529 = DIRECTION ( 'NONE',  ( 0.000000000000000000, -0.000000000000000000, -1.000000000000000000 ) ) ;
#1530 = APPLICATION_PROTOCOL_DEFINITION ( 'draft international standard', 'automotive_design', 1998, #2131 ) ;
#1531 = ORIENTED_EDGE ( 'NONE', *, *, #40, .F. ) ;
#1532 = LINE ( 'NONE', #2539, #2837 ) ;
#1533 = DIRECTION ( 'NONE',  ( 1.128275431529630729E-16, -0.000000000000000000, 1.000000000000000000 ) ) ;
#1534 = ORIENTED_EDGE ( 'NONE', *, *, #1822, .F. ) ;
#1535 = CARTESIAN_POINT ( 'NONE',  ( -12.01851386082376294, 191.0345728618407861, -25.06336733097606384 ) ) ;
#1536 = LINE ( 'NONE', #2033, #2624 ) ;
#1537 = LINE ( 'NONE', #2820, #2477 ) ;
#1538 = ORIENTED_EDGE ( 'NONE', *, *, #2889, .T. ) ;
#1539 = CARTESIAN_POINT ( 'NONE',  ( 20.00000000000000000, 12.00000000000000000, -27.00000000000000000 ) ) ;
#1540 = DIRECTION ( 'NONE',  ( 0.000000000000000000, 0.000000000000000000, 1.000000000000000000 ) ) ;
#1541 = CIRCLE ( 'NONE', #198, 4.999999999999999112 ) ;
#1542 = VECTOR ( 'NONE', #2662, 1000.000000000000000 ) ;
#1543 = VERTEX_POINT ( 'NONE', #2643 ) ;
#1544 = EDGE_CURVE ( 'NONE', #2919, #3102, #1376, .T. ) ;
#1545 = CARTESIAN_POINT ( 'NONE',  ( -11.99999999999999645, 190.0000000000000000, -14.99999999999999822 ) ) ;
#1546 = CIRCLE ( 'NONE', #2962, 20.00000000000001066 ) ;
#1547 = EDGE_CURVE ( 'NONE', #1856, #2499, #1903, .T. ) ;
#1548 = DIRECTION ( 'NONE',  ( 0.000000000000000000, 1.000000000000000000, 0.000000000000000000 ) ) ;
#1549 = CARTESIAN_POINT ( 'NONE',  ( -104.1055512754639949, 12.00000000000000000, -22.99999999999998579 ) ) ;
#1550 = VERTEX_POINT ( 'NONE', #1122 ) ;
#1551 = LINE ( 'NONE', #2305, #1285 ) ;
#1552 = CARTESIAN_POINT ( 'NONE',  ( -100.5000000000000000, 12.00000000000000000, -4.999999999999985789 ) ) ;
#1553 = CARTESIAN_POINT ( 'NONE',  ( -0.001222018083943084751, 190.3189230512487882, -23.76477237681228161 ) ) ;
#1554 = CARTESIAN_POINT ( 'NONE',  ( 20.14269585859200262, 193.3891174453258941, -26.74455209715577908 ) ) ;
#1555 = VECTOR ( 'NONE', #642, 1000.000000000000000 ) ;
#1556 = VERTEX_POINT ( 'NONE', #2898 ) ;
#1557 = DIRECTION ( 'NONE',  ( 0.8320502943378407235, 0.000000000000000000, 0.5547001962252335883 ) ) ;
#1558 = DIRECTION ( 'NONE',  ( -2.891205793294676354E-16, 8.155191160176291097E-32, -1.000000000000000000 ) ) ;
#1559 = ORIENTED_EDGE ( 'NONE', *, *, #100, .T. ) ;
#1560 = DIRECTION ( 'NONE',  ( 1.000000000000000000, 4.625929269271485914E-16, 0.000000000000000000 ) ) ;
#1561 = LINE ( 'NONE', #71, #3113 ) ;
#1562 = FACE_OUTER_BOUND ( 'NONE', #337, .T. ) ;
#1563 = ORIENTED_EDGE ( 'NONE', *, *, #2949, .T. ) ;
#1564 = CARTESIAN_POINT ( 'NONE',  ( -103.5000000000000142, 12.00000000000000000, -4.999999999999985789 ) ) ;
#1565 = ADVANCED_FACE ( 'NONE', ( #896 ), #2134, .F. ) ;
#1566 = DIRECTION ( 'NONE',  ( 1.128275431529630729E-16, 0.000000000000000000, -1.000000000000000000 ) ) ;
#1567 = ORIENTED_EDGE ( 'NONE', *, *, #2062, .T. ) ;
#1568 = CARTESIAN_POINT ( 'NONE',  ( 56.22374924250595996, 229.8363320326531607, -9.930592707532754915 ) ) ;
#1569 = DIRECTION ( 'NONE',  ( 1.000000000000000000, -0.000000000000000000, 1.360718665719281119E-17 ) ) ;
#1570 = EDGE_LOOP ( 'NONE', ( #869, #2871, #930, #807, #1534, #149 ) ) ;
#1571 = DIRECTION ( 'NONE',  ( 1.000000000000000000, -0.000000000000000000, -0.000000000000000000 ) ) ;
#1572 = AXIS2_PLACEMENT_3D ( 'NONE', #316, #849, #2328 ) ;
#1573 = CARTESIAN_POINT ( 'NONE',  ( -84.00000000000001421, 203.0000000000000000, -4.499999999999984901 ) ) ;
#1574 = ORIENTED_EDGE ( 'NONE', *, *, #3116, .T. ) ;
#1575 = CARTESIAN_POINT ( 'NONE',  ( -100.5000000000000000, 12.00000000000000000, -22.99999999999999645 ) ) ;
#1576 = AXIS2_PLACEMENT_3D ( 'NONE', #1515, #2047, #567 ) ;
#1577 = CARTESIAN_POINT ( 'NONE',  ( 133.0000000000000000, 12.00000000000000000, -2.999999999999986233 ) ) ;
#1578 = ORIENTED_EDGE ( 'NONE', *, *, #1116, .F. ) ;
#1579 = VECTOR ( 'NONE', #868, 1000.000000000000000 ) ;
#1580 = CARTESIAN_POINT ( 'NONE',  ( -14.05950342058659608, 18.68621066846372969, -25.39705170611790308 ) ) ;
#1581 = FACE_OUTER_BOUND ( 'NONE', #1892, .T. ) ;
#1582 = ORIENTED_EDGE ( 'NONE', *, *, #264, .F. ) ;
#1583 = DIRECTION ( 'NONE',  ( -0.000000000000000000, 1.000000000000000000, 0.000000000000000000 ) ) ;
#1584 = ORIENTED_EDGE ( 'NONE', *, *, #1722, .F. ) ;
#1585 = DIRECTION ( 'NONE',  ( 0.000000000000000000, 0.000000000000000000, -1.000000000000000000 ) ) ;
#1586 = ADVANCED_FACE ( 'NONE', ( #1395 ), #1672, .F. ) ;
#1587 = ADVANCED_FACE ( 'NONE', ( #911 ), #2427, .F. ) ;
#1588 = CARTESIAN_POINT ( 'NONE',  ( -12.00000000000000000, 0.000000000000000000, 0.000000000000000000 ) ) ;
#1589 = DIRECTION ( 'NONE',  ( 1.228122814850836818E-16, -0.000000000000000000, 1.000000000000000000 ) ) ;
#1590 = CARTESIAN_POINT ( 'NONE',  ( 124.1055512754639949, 0.000000000000000000, -22.99999999999998579 ) ) ;
#1591 = EDGE_CURVE ( 'NONE', #131, #1006, #3101, .T. ) ;
#1592 = VERTEX_POINT ( 'NONE', #670 ) ;
#1593 = ORIENTED_EDGE ( 'NONE', *, *, #850, .F. ) ;
#1594 = CARTESIAN_POINT ( 'NONE',  ( -113.0000000000000000, 12.00000000000000000, -26.99999999999998579 ) ) ;
#1595 = VECTOR ( 'NONE', #611, 1000.000000000000000 ) ;
#1596 = CARTESIAN_POINT ( 'NONE',  ( -13.35088935932651033, 19.99999999999998579, -14.66416294979300439 ) ) ;
#1597 = PRODUCT_CONTEXT ( 'NONE', #2131, 'mechanical' ) ;
#1598 = VECTOR ( 'NONE', #1881, 1000.000000000000000 ) ;
#1599 = AXIS2_PLACEMENT_3D ( 'NONE', #2245, #14, #226 ) ;
#1600 = CARTESIAN_POINT ( 'NONE',  ( -16.74819076965827591, 15.48589859363542054, -26.98310178465682796 ) ) ;
#1601 = DIRECTION ( 'NONE',  ( 0.000000000000000000, 0.000000000000000000, 1.000000000000000000 ) ) ;
#1602 = CARTESIAN_POINT ( 'NONE',  ( -111.0000000000000000, 12.00000000000000000, -2.999999999999986233 ) ) ;
#1603 = EDGE_LOOP ( 'NONE', ( #2650, #1069, #1923, #1003 ) ) ;
#1604 = PLANE ( 'NONE',  #2730 ) ;
#1605 = DIRECTION ( 'NONE',  ( 0.000000000000000000, 0.000000000000000000, -1.000000000000000000 ) ) ;
#1606 = DIRECTION ( 'NONE',  ( -1.360718665719281119E-17, 0.000000000000000000, 1.000000000000000000 ) ) ;
#1607 = EDGE_CURVE ( 'NONE', #3129, #2003, #1855, .T. ) ;
#1608 = PLANE ( 'NONE',  #2887 ) ;
#1609 = VERTEX_POINT ( 'NONE', #2162 ) ;
#1610 = ORIENTED_EDGE ( 'NONE', *, *, #480, .T. ) ;
#1611 = CARTESIAN_POINT ( 'NONE',  ( 133.0000000000000000, 0.000000000000000000, -24.99999999999998579 ) ) ;
#1612 = CARTESIAN_POINT ( 'NONE',  ( -12.09528433631012057, 24.33741630989404214, -10.03327808792315778 ) ) ;
#1613 = CARTESIAN_POINT ( 'NONE',  ( -15.93241234870677836, 16.26449763558856532, -26.84590593141679449 ) ) ;
#1614 = DIRECTION ( 'NONE',  ( -1.000000000000000000, 0.000000000000000000, -1.228122814850836818E-16 ) ) ;
#1615 = CARTESIAN_POINT ( 'NONE',  ( 38.58088745372165818, 223.7889990297226745, -22.63104825001496678 ) ) ;
#1616 = ORIENTED_EDGE ( 'NONE', *, *, #386, .F. ) ;
#1617 = EDGE_CURVE ( 'NONE', #2534, #2099, #626, .T. ) ;
#1618 = CARTESIAN_POINT ( 'NONE',  ( 104.0000000000000284, 203.0000000000000000, -4.499999999999984901 ) ) ;
#1619 = CARTESIAN_POINT ( 'NONE',  ( 120.5000000000000142, 12.00000000000000000, -4.999999999999985789 ) ) ;
#1620 = AXIS2_PLACEMENT_3D ( 'NONE', #2511, #133, #2277 ) ;
#1621 = B_SPLINE_CURVE_WITH_KNOTS ( 'NONE', 3,
 ( #3044, #2559, #2032, #27, #276, #324, #1553, #2572, #555, #1328, #1786, #48, #2326, #1051, #1803, #93, #1768, #1297, #2510, #1277 ),
 .UNSPECIFIED., .F., .F.,
 ( 4, 2, 2, 2, 2, 2, 2, 2, 2, 4 ),
 ( 0.000000000000000000, 0.0009778993263097521781, 0.001466848989464628267, 0.001955798652619504356, 0.002933697978929215334, 0.003911597305238926313, 0.004889496631548637291, 0.005867395957858349137, 0.006845295284168060115, 0.007823194610477771094 ),
 .UNSPECIFIED. ) ;
#1622 = LINE ( 'NONE', #1638, #1422 ) ;
#1623 = ORIENTED_EDGE ( 'NONE', *, *, #946, .T. ) ;
#1624 = CARTESIAN_POINT ( 'NONE',  ( 103.0000000000000284, 205.0000000000000284, -22.50000000000000000 ) ) ;
#1625 = EDGE_CURVE ( 'NONE', #216, #1452, #25, .T. ) ;
#1626 = EDGE_CURVE ( 'NONE', #2583, #1505, #524, .T. ) ;
#1627 = EDGE_CURVE ( 'NONE', #1312, #1015, #1504, .T. ) ;
#1628 = EDGE_LOOP ( 'NONE', ( #690, #471, #1840, #509 ) ) ;
#1629 = CARTESIAN_POINT ( 'NONE',  ( -14.76320607045856725, 17.64193099090093853, -26.25655908854047027 ) ) ;
#1630 = CIRCLE ( 'NONE', #1420, 2.000000000000000888 ) ;
#1631 = CARTESIAN_POINT ( 'NONE',  ( -80.00000000000000000, 12.00000000000000000, -24.99999999999998579 ) ) ;
#1632 = AXIS2_PLACEMENT_3D ( 'NONE', #2398, #1886, #2147 ) ;
#1633 = CARTESIAN_POINT ( 'NONE',  ( 32.47179824804096882, 219.0584739174138917, -26.44150168543011503 ) ) ;
#1634 = CARTESIAN_POINT ( 'NONE',  ( 46.00000000000002842, 25.99999999999999645, -10.00000000000001776 ) ) ;
#1635 = ORIENTED_EDGE ( 'NONE', *, *, #2889, .F. ) ;
#1636 = FACE_OUTER_BOUND ( 'NONE', #51, .T. ) ;
#1637 = CARTESIAN_POINT ( 'NONE',  ( -16.85420863826882965, 222.6522846527183788, -23.76779001466633545 ) ) ;
#1638 = CARTESIAN_POINT ( 'NONE',  ( -96.00000000000000000, 203.0000000000000568, -22.50000000000000000 ) ) ;
#1639 = EDGE_LOOP ( 'NONE', ( #561, #2304, #993, #1366 ) ) ;
#1640 = EDGE_LOOP ( 'NONE', ( #2223, #689, #581, #2438 ) ) ;
#1641 = ORIENTED_EDGE ( 'NONE', *, *, #995, .T. ) ;
#1642 = DIRECTION ( 'NONE',  ( -1.000000000000000000, -0.000000000000000000, -0.000000000000000000 ) ) ;
#1643 = VERTEX_POINT ( 'NONE', #703 ) ;
#1644 = EDGE_CURVE ( 'NONE', #1683, #2961, #1200, .T. ) ;
#1645 = CARTESIAN_POINT ( 'NONE',  ( -100.5000000000000000, 12.00000000000000000, -4.999999999999985789 ) ) ;
#1646 = ADVANCED_FACE ( 'NONE', ( #458 ), #2445, .T. ) ;
#1647 = VECTOR ( 'NONE', #3078, 1000.000000000000000 ) ;
#1648 = LINE ( 'NONE', #3195, #2397 ) ;
#1649 = CARTESIAN_POINT ( 'NONE',  ( 31.43428628582858764, 218.0000000000000000, -27.00000000000000000 ) ) ;
#1650 = VECTOR ( 'NONE', #1651, 1000.000000000000000 ) ;
#1651 = DIRECTION ( 'NONE',  ( -1.000000000000000000, -0.000000000000000000, 2.891205793294675861E-16 ) ) ;
#1652 = ORIENTED_EDGE ( 'NONE', *, *, #1871, .F. ) ;
#1653 = AXIS2_PLACEMENT_3D ( 'NONE', #679, #1431, #2925 ) ;
#1654 = DIRECTION ( 'NONE',  ( 0.000000000000000000, 0.000000000000000000, -1.000000000000000000 ) ) ;
#1655 = AXIS2_PLACEMENT_3D ( 'NONE', #1549, #1844, #1063 ) ;
#1656 = CARTESIAN_POINT ( 'NONE',  ( 131.0000000000000000, 12.00000000000000000, -26.99999999999998934 ) ) ;
#1657 = AXIS2_PLACEMENT_3D ( 'NONE', #2526, #1747, #1998 ) ;
#1658 = CARTESIAN_POINT ( 'NONE',  ( -84.00000000000000000, 218.0000000000000284, -4.499999999999984901 ) ) ;
#1659 = ORIENTED_EDGE ( 'NONE', *, *, #304, .T. ) ;
#1660 = ORIENTED_EDGE ( 'NONE', *, *, #702, .T. ) ;
#1661 = ORIENTED_EDGE ( 'NONE', *, *, #1907, .T. ) ;
#1662 = CIRCLE ( 'NONE', #265, 2.000000000000001776 ) ;
#1663 = CARTESIAN_POINT ( 'NONE',  ( 33.52391538834220341, 19.64765240096567567, -23.85335239875398017 ) ) ;
#1664 = DIRECTION ( 'NONE',  ( 0.000000000000000000, -1.000000000000000000, 0.000000000000000000 ) ) ;
#1665 = DIRECTION ( 'NONE',  ( -0.8320502943378450533, 0.000000000000000000, 0.5547001962252271490 ) ) ;
#1666 = CARTESIAN_POINT ( 'NONE',  ( -110.0000000000000000, 230.0000000000000000, -7.100251257867586929 ) ) ;
#1667 = EDGE_LOOP ( 'NONE', ( #2285, #2639, #1250, #1584 ) ) ;
#1668 = LINE ( 'NONE', #1418, #1008 ) ;
#1669 = ADVANCED_FACE ( 'NONE', ( #2980 ), #1457, .F. ) ;
#1670 = FACE_OUTER_BOUND ( 'NONE', #1987, .T. ) ;
#1671 = CARTESIAN_POINT ( 'NONE',  ( 119.0000000000000142, 218.0000000000000568, -4.499999999999985789 ) ) ;
#1672 = CYLINDRICAL_SURFACE ( 'NONE', #1632, 2.000000000000001776 ) ;
#1673 = VECTOR ( 'NONE', #1278, 1000.000000000000000 ) ;
#1674 = ORIENTED_EDGE ( 'NONE', *, *, #2621, .T. ) ;
#1675 = ORIENTED_EDGE ( 'NONE', *, *, #2266, .T. ) ;
#1676 = VERTEX_POINT ( 'NONE', #1735 ) ;
#1677 = DIRECTION ( 'NONE',  ( 0.000000000000000000, -1.000000000000000000, 0.000000000000000000 ) ) ;
#1678 = DIRECTION ( 'NONE',  ( 0.000000000000000000, 0.000000000000000000, -1.000000000000000000 ) ) ;
#1679 = CARTESIAN_POINT ( 'NONE',  ( -113.0000000000000000, 12.00000000000000000, -24.99999999999998579 ) ) ;
#1680 = EDGE_LOOP ( 'NONE', ( #2582, #3049, #1914, #2541, #2970 ) ) ;
#1681 = DIRECTION ( 'NONE',  ( -1.000000000000000000, -4.625929269271485914E-16, 0.000000000000000000 ) ) ;
#1682 = CARTESIAN_POINT ( 'NONE',  ( -81.00000000000000000, 218.0000000000000284, -22.50000000000000000 ) ) ;
#1683 = VERTEX_POINT ( 'NONE', #213 ) ;
#1684 = VECTOR ( 'NONE', #2556, 1000.000000000000000 ) ;
#1685 = UNCERTAINTY_MEASURE_WITH_UNIT (LENGTH_MEASURE( 1.000000000000000082E-05 ), #2425, 'distance_accuracy_value', 'NONE');
#1686 = CARTESIAN_POINT ( 'NONE',  ( 32.00437033039403190, 190.5103949300518309, -24.22487773825633894 ) ) ;
#1687 = EDGE_CURVE ( 'NONE', #468, #1265, #2498, .T. ) ;
#1688 = AXIS2_PLACEMENT_3D ( 'NONE', #655, #2629, #443 ) ;
#1689 = B_SPLINE_CURVE_WITH_KNOTS ( 'NONE', 3,
 ( #708, #185, #2452, #1926, #2152, #2725, #1205, #693, #728, #234, #3147, #1710, #2713, #481, #1461, #2417, #983, #3209 ),
 .UNSPECIFIED., .F., .F.,
 ( 4, 2, 2, 2, 2, 2, 2, 2, 4 ),
 ( 0.000000000000000000, 0.0009919249416895333567, 0.001983849883379066713, 0.002975774825068599853, 0.003967699766758133427, 0.004959624708447667001, 0.005951549650137199707, 0.006943474591826733280, 0.007935399533516266854 ),
 .UNSPECIFIED. ) ;
#1690 = EDGE_CURVE ( 'NONE', #2961, #2964, #2652, .T. ) ;
#1691 = ADVANCED_FACE ( 'NONE', ( #2179 ), #959, .F. ) ;
#1692 = CARTESIAN_POINT ( 'NONE',  ( 20.00000000000001066, 19.99999999999998579, -19.66666666666667140 ) ) ;
#1693 = VERTEX_POINT ( 'NONE', #3203 ) ;
#1694 = ORIENTED_EDGE ( 'NONE', *, *, #2250, .F. ) ;
#1695 = VERTEX_POINT ( 'NONE', #3172 ) ;
#1696 = CARTESIAN_POINT ( 'NONE',  ( 34.21197568772823416, 18.44070198173136177, -25.64383643339004948 ) ) ;
#1697 = DIRECTION ( 'NONE',  ( 0.000000000000000000, 0.000000000000000000, -1.000000000000000000 ) ) ;
#1698 = CARTESIAN_POINT ( 'NONE',  ( 123.5000000000000142, 0.000000000000000000, -24.99999999999998579 ) ) ;
#1699 = CARTESIAN_POINT ( 'NONE',  ( -84.00000000000000000, 218.0000000000000284, -22.50000000000000000 ) ) ;
#1700 = ORIENTED_EDGE ( 'NONE', *, *, #2554, .T. ) ;
#1701 = PLANE ( 'NONE',  #2579 ) ;
#1702 =( NAMED_UNIT ( * ) PLANE_ANGLE_UNIT ( ) SI_UNIT ( $, .RADIAN. ) );
#1703 = DIRECTION ( 'NONE',  ( 1.128275431529630729E-16, 0.000000000000000000, -1.000000000000000000 ) ) ;
#1704 = VECTOR ( 'NONE', #853, 1000.000000000000000 ) ;
#1705 = AXIS2_PLACEMENT_3D ( 'NONE', #990, #2719, #2979 ) ;
#1706 = FACE_OUTER_BOUND ( 'NONE', #2394, .T. ) ;
#1707 = ORIENTED_EDGE ( 'NONE', *, *, #404, .F. ) ;
#1708 = VERTEX_POINT ( 'NONE', #2996 ) ;
#1709 = VERTEX_POINT ( 'NONE', #244 ) ;
#1710 = CARTESIAN_POINT ( 'NONE',  ( 33.05225199068858899, 20.67135959237984721, -12.47617592018834820 ) ) ;
#1711 = CARTESIAN_POINT ( 'NONE',  ( -0.01037511351557972999, 19.32970246102431133, -24.52257800381497432 ) ) ;
#1712 = DIRECTION ( 'NONE',  ( -0.000000000000000000, 1.000000000000000000, -0.000000000000000000 ) ) ;
#1713 = VERTEX_POINT ( 'NONE', #2002 ) ;
#1714 = DIRECTION ( 'NONE',  ( 0.000000000000000000, 0.000000000000000000, 1.000000000000000000 ) ) ;
#1715 = CARTESIAN_POINT ( 'NONE',  ( 60.00000000000000000, 230.0000000000000000, -7.100251257867591370 ) ) ;
#1716 = ADVANCED_FACE ( 'NONE', ( #2966 ), #992, .F. ) ;
#1717 = DIRECTION ( 'NONE',  ( 0.000000000000000000, -1.000000000000000000, -0.000000000000000000 ) ) ;
#1718 = DIRECTION ( 'NONE',  ( 1.360718665719281119E-17, -0.000000000000000000, -1.000000000000000000 ) ) ;
#1719 = ORIENTED_EDGE ( 'NONE', *, *, #1115, .T. ) ;
#1720 = ORIENTED_EDGE ( 'NONE', *, *, #387, .T. ) ;
#1721 = VERTEX_POINT ( 'NONE', #1970 ) ;
#1722 = EDGE_CURVE ( 'NONE', #1252, #2689, #1487, .T. ) ;
#1723 = EDGE_CURVE ( 'NONE', #1739, #2899, #941, .T. ) ;
#1724 = DIRECTION ( 'NONE',  ( -1.000000000000000000, 0.000000000000000000, -1.486905836551548832E-16 ) ) ;
#1725 = ADVANCED_FACE ( 'NONE', ( #2691 ), #227, .F. ) ;
#1726 = LINE ( 'NONE', #1698, #2175 ) ;
#1727 = CARTESIAN_POINT ( 'NONE',  ( 101.0000000000000142, 205.0000000000000284, -22.50000000000000000 ) ) ;
#1728 = ORIENTED_EDGE ( 'NONE', *, *, #2470, .T. ) ;
#1729 = AXIS2_PLACEMENT_3D ( 'NONE', #1300, #98, #1330 ) ;
#1730 = CARTESIAN_POINT ( 'NONE',  ( -12.45004537208818363, 195.0000000000000000, -27.00000000000000000 ) ) ;
#1731 = CARTESIAN_POINT ( 'NONE',  ( 120.5000000000000142, 12.00000000000000000, -24.99999999999998579 ) ) ;
#1732 = ORIENTED_EDGE ( 'NONE', *, *, #2132, .T. ) ;
#1733 = CARTESIAN_POINT ( 'NONE',  ( 32.13839897544789181, 192.7970853986441284, -26.50044045802857084 ) ) ;
#1734 = AXIS2_PLACEMENT_3D ( 'NONE', #1964, #2975, #746 ) ;
#1735 = CARTESIAN_POINT ( 'NONE',  ( 104.0000000000000142, 218.0000000000000284, -22.50000000000000000 ) ) ;
#1736 = VERTEX_POINT ( 'NONE', #2950 ) ;
#1737 = DIRECTION ( 'NONE',  ( 4.625929269271485914E-16, 1.000000000000000000, 0.000000000000000000 ) ) ;
#1738 = VECTOR ( 'NONE', #2628, 1000.000000000000000 ) ;
#1739 = VERTEX_POINT ( 'NONE', #2735 ) ;
#1740 = LINE ( 'NONE', #2503, #2278 ) ;
#1741 = LINE ( 'NONE', #1816, #831 ) ;
#1742 = LINE ( 'NONE', #1727, #671 ) ;
#1743 = ORIENTED_EDGE ( 'NONE', *, *, #972, .F. ) ;
#1744 = ADVANCED_FACE ( 'NONE', ( #1706 ), #735, .T. ) ;
#1745 = DIRECTION ( 'NONE',  ( 0.000000000000000000, 0.000000000000000000, -1.000000000000000000 ) ) ;
#1746 = EDGE_CURVE ( 'NONE', #1693, #1452, #2038, .T. ) ;
#1747 = DIRECTION ( 'NONE',  ( 1.000000000000000000, 0.000000000000000000, -1.228122814850836818E-16 ) ) ;
#1748 = ORIENTED_EDGE ( 'NONE', *, *, #2113, .T. ) ;
#1749 = CARTESIAN_POINT ( 'NONE',  ( -12.11135792357561236, 192.5096539679081786, -26.34799393896446418 ) ) ;
#1750 = VECTOR ( 'NONE', #562, 1000.000000000000000 ) ;
#1751 = DIRECTION ( 'NONE',  ( 0.000000000000000000, -1.000000000000000000, -0.000000000000000000 ) ) ;
#1752 = ORIENTED_EDGE ( 'NONE', *, *, #1907, .F. ) ;
#1753 = ORIENTED_EDGE ( 'NONE', *, *, #1391, .F. ) ;
#1754 = VECTOR ( 'NONE', #1601, 1000.000000000000000 ) ;
#1755 = AXIS2_PLACEMENT_3D ( 'NONE', #358, #1346, #2409 ) ;
#1756 = VECTOR ( 'NONE', #2915, 1000.000000000000000 ) ;
#1757 = CARTESIAN_POINT ( 'NONE',  ( 19.99999400000000094, 190.0000000000000000, -14.99999999999999645 ) ) ;
#1758 = EDGE_CURVE ( 'NONE', #3167, #736, #1773, .T. ) ;
#1759 = ORIENTED_EDGE ( 'NONE', *, *, #1831, .T. ) ;
#1760 = EDGE_CURVE ( 'NONE', #2920, #956, #161, .T. ) ;
#1761 = PLANE ( 'NONE',  #354 ) ;
#1762 = EDGE_CURVE ( 'NONE', #656, #1155, #1837, .T. ) ;
#1763 = DIRECTION ( 'NONE',  ( -1.128275431529630729E-16, -0.000000000000000000, -1.000000000000000000 ) ) ;
#1764 = CARTESIAN_POINT ( 'NONE',  ( 46.00000000000002132, 11.99999999999999289, 3.469446951953614189E-15 ) ) ;
#1765 = ORIENTED_EDGE ( 'NONE', *, *, #2692, .F. ) ;
#1766 = PLANE ( 'NONE',  #1576 ) ;
#1767 = DIRECTION ( 'NONE',  ( -1.128275431529630729E-16, 0.000000000000000000, -1.000000000000000000 ) ) ;
#1768 = CARTESIAN_POINT ( 'NONE',  ( -0.1704848078692833280, 193.7032907585778503, -26.84006422246265444 ) ) ;
#1769 = LINE ( 'NONE', #1502, #539 ) ;
#1770 = AXIS2_PLACEMENT_3D ( 'NONE', #1624, #1111, #2106 ) ;
#1771 = EDGE_CURVE ( 'NONE', #2630, #86, #325, .T. ) ;
#1772 = EDGE_CURVE ( 'NONE', #1089, #2942, #1537, .T. ) ;
#1773 = LINE ( 'NONE', #3031, #2732 ) ;
#1774 = ORIENTED_EDGE ( 'NONE', *, *, #2931, .T. ) ;
#1775 = PLANE ( 'NONE',  #1889 ) ;
#1776 = CARTESIAN_POINT ( 'NONE',  ( 120.5000000000000142, 12.00000000000000000, -4.999999999999985789 ) ) ;
#1777 = VERTEX_POINT ( 'NONE', #1298 ) ;
#1778 = CARTESIAN_POINT ( 'NONE',  ( -83.00000000000001421, 203.0000000000000000, -22.50000000000000000 ) ) ;
#1779 = CARTESIAN_POINT ( 'NONE',  ( 32.00000000000000000, 190.0000000000000000, -22.00000000000000000 ) ) ;
#1780 = CARTESIAN_POINT ( 'NONE',  ( 32.00000000000000000, 185.0000000000000000, -14.99999999999999822 ) ) ;
#1781 = ORIENTED_EDGE ( 'NONE', *, *, #1188, .F. ) ;
#1782 = VECTOR ( 'NONE', #781, 1000.000000000000000 ) ;
#1783 = B_SPLINE_CURVE_WITH_KNOTS ( 'NONE', 3,
 ( #3149, #1174, #1223, #919 ),
 .UNSPECIFIED., .F., .F.,
 ( 4, 4 ),
 ( 0.2941176470588237057, 0.7058823529411760722 ),
 .UNSPECIFIED. ) ;
#1784 = DIRECTION ( 'NONE',  ( -1.000000000000000000, -0.000000000000000000, 1.128275431529630729E-16 ) ) ;
#1785 = CARTESIAN_POINT ( 'NONE',  ( -103.5000000000000142, 12.00000000000000000, -4.999999999999985789 ) ) ;
#1786 = CARTESIAN_POINT ( 'NONE',  ( -0.01844680136794516270, 191.2364565244083678, -25.30790870241339974 ) ) ;
#1787 = CARTESIAN_POINT ( 'NONE',  ( -12.44432569015061851, 22.48974230711703015, -10.66369362024806833 ) ) ;
#1788 = CARTESIAN_POINT ( 'NONE',  ( 19.99996257853596759, 190.0324775036785070, -22.65578658299217096 ) ) ;
#1789 = EDGE_CURVE ( 'NONE', #2205, #1709, #1037, .T. ) ;
#1790 = ORIENTED_EDGE ( 'NONE', *, *, #1822, .T. ) ;
#1791 = LINE ( 'NONE', #299, #2929 ) ;
#1792 = ADVANCED_FACE ( 'NONE', ( #2279 ), #30, .T. ) ;
#1793 = VECTOR ( 'NONE', #1247, 1000.000000000000000 ) ;
#1794 = CARTESIAN_POINT ( 'NONE',  ( -100.5000000000000000, 12.00000000000000000, -4.999999999999985789 ) ) ;
#1795 = ORIENTED_EDGE ( 'NONE', *, *, #285, .T. ) ;
#1796 = CARTESIAN_POINT ( 'NONE',  ( -99.00000000000000000, 205.0000000000000568, -22.50000000000000000 ) ) ;
#1797 = CARTESIAN_POINT ( 'NONE',  ( -104.1055512754640091, 12.00000000000000000, -6.999999999999986677 ) ) ;
#1798 = CARTESIAN_POINT ( 'NONE',  ( -99.00000000000000000, 203.0000000000000568, -22.50000000000000000 ) ) ;
#1799 = ORIENTED_EDGE ( 'NONE', *, *, #479, .T. ) ;
#1800 = DIRECTION ( 'NONE',  ( -1.128275431529630729E-16, 0.000000000000000000, -1.000000000000000000 ) ) ;
#1801 = CARTESIAN_POINT ( 'NONE',  ( 0.000000000000000000, 190.0000000000000000, -9.999999999999998224 ) ) ;
#1802 = EDGE_LOOP ( 'NONE', ( #2010, #2716, #2577, #2922 ) ) ;
#1803 = CARTESIAN_POINT ( 'NONE',  ( -0.09615767669428283704, 192.7882213534198002, -26.49597068786157550 ) ) ;
#1804 = ORIENTED_EDGE ( 'NONE', *, *, #472, .T. ) ;
#1805 = DIRECTION ( 'NONE',  ( -0.000000000000000000, -1.000000000000000000, -0.000000000000000000 ) ) ;
#1806 = ORIENTED_EDGE ( 'NONE', *, *, #2035, .F. ) ;
#1807 = VERTEX_POINT ( 'NONE', #3012 ) ;
#1808 = CARTESIAN_POINT ( 'NONE',  ( -104.1055512754639949, 12.00000000000000000, -24.99999999999998579 ) ) ;
#1809 = VECTOR ( 'NONE', #1355, 1000.000000000000000 ) ;
#1810 = CIRCLE ( 'NONE', #2282, 4.999999999999999112 ) ;
#1811 = VECTOR ( 'NONE', #1086, 1000.000000000000000 ) ;
#1812 = VERTEX_POINT ( 'NONE', #2530 ) ;
#1813 = VECTOR ( 'NONE', #2254, 1000.000000000000000 ) ;
#1814 = CARTESIAN_POINT ( 'NONE',  ( 103.0000000000000284, 205.0000000000000284, -4.499999999999984901 ) ) ;
#1815 = VECTOR ( 'NONE', #747, 1000.000000000000000 ) ;
#1816 = CARTESIAN_POINT ( 'NONE',  ( -3.673940397442059375E-16, 14.99999999999998579, -27.00000000000000000 ) ) ;
#1817 = LINE ( 'NONE', #2828, #980 ) ;
#1818 = ORIENTED_EDGE ( 'NONE', *, *, #2165, .T. ) ;
#1819 = DIRECTION ( 'NONE',  ( -0.000000000000000000, -0.000000000000000000, 1.000000000000000000 ) ) ;
#1820 = CARTESIAN_POINT ( 'NONE',  ( 119.0000000000000142, 203.0000000000000568, -4.499999999999985789 ) ) ;
#1821 = CARTESIAN_POINT ( 'NONE',  ( -12.00732711820278986, 190.6664626741716972, -24.51580723391001371 ) ) ;
#1822 = EDGE_CURVE ( 'NONE', #1155, #936, #2312, .T. ) ;
#1823 = CARTESIAN_POINT ( 'NONE',  ( -103.5000000000000142, 0.000000000000000000, -4.999999999999985789 ) ) ;
#1824 = AXIS2_PLACEMENT_3D ( 'NONE', #169, #2202, #1697 ) ;
#1825 = CARTESIAN_POINT ( 'NONE',  ( 119.0000000000000142, 203.0000000000000568, -4.499999999999985789 ) ) ;
#1826 = DIRECTION ( 'NONE',  ( 0.000000000000000000, -1.000000000000000000, 0.000000000000000000 ) ) ;
#1827 = ORIENTED_EDGE ( 'NONE', *, *, #778, .T. ) ;
#1828 = LINE ( 'NONE', #578, #1595 ) ;
#1829 = SURFACE_SIDE_STYLE ('',( #2321 ) ) ;
#1830 = ORIENTED_EDGE ( 'NONE', *, *, #2513, .F. ) ;
#1831 = EDGE_CURVE ( 'NONE', #816, #1197, #808, .T. ) ;
#1832 = CARTESIAN_POINT ( 'NONE',  ( 33.35088935932650855, 19.99999999999998579, -22.00000000000000000 ) ) ;
#1833 = EDGE_CURVE ( 'NONE', #18, #1693, #572, .T. ) ;
#1834 = LINE ( 'NONE', #2844, #2501 ) ;
#1835 = DIRECTION ( 'NONE',  ( -0.000000000000000000, -0.000000000000000000, -1.000000000000000000 ) ) ;
#1836 = CARTESIAN_POINT ( 'NONE',  ( -100.5000000000000000, 0.000000000000000000, -24.99999999999998579 ) ) ;
#1837 = LINE ( 'NONE', #1055, #1474 ) ;
#1838 = CARTESIAN_POINT ( 'NONE',  ( -110.0000000000000000, 207.5000000000000284, -7.100251257867583377 ) ) ;
#1839 = CARTESIAN_POINT ( 'NONE',  ( 60.00000000000000000, 190.0000000000000000, 3.469446951953614189E-15 ) ) ;
#1840 = ORIENTED_EDGE ( 'NONE', *, *, #958, .F. ) ;
#1841 = DIRECTION ( 'NONE',  ( -0.000000000000000000, -1.000000000000000000, -0.000000000000000000 ) ) ;
#1842 = AXIS2_PLACEMENT_3D ( 'NONE', #969, #2476, #454 ) ;
#1843 = DIRECTION ( 'NONE',  ( -1.000000000000000000, 4.625929269271485914E-16, 0.000000000000000000 ) ) ;
#1844 = DIRECTION ( 'NONE',  ( 0.000000000000000000, -1.000000000000000000, 0.000000000000000000 ) ) ;
#1845 = VERTEX_POINT ( 'NONE', #3066 ) ;
#1846 = AXIS2_PLACEMENT_3D ( 'NONE', #718, #2934, #2195 ) ;
#1847 = CARTESIAN_POINT ( 'NONE',  ( -13.37142971249293666, 19.95613869113539707, -22.76147980275690941 ) ) ;
#1848 = CARTESIAN_POINT ( 'NONE',  ( 130.0000000000000000, 230.0000000000000000, -7.100251257867586929 ) ) ;
#1849 = DIRECTION ( 'NONE',  ( -0.000000000000000000, -0.000000000000000000, -1.000000000000000000 ) ) ;
#1850 = CARTESIAN_POINT ( 'NONE',  ( -113.0000000000000000, 12.00000000000000000, 1.383850883036509067E-14 ) ) ;
#1851 = EDGE_CURVE ( 'NONE', #1874, #769, #833, .T. ) ;
#1852 = CARTESIAN_POINT ( 'NONE',  ( 104.0000000000000284, 203.0000000000000000, -4.499999999999984901 ) ) ;
#1853 = ORIENTED_EDGE ( 'NONE', *, *, #2710, .T. ) ;
#1854 = DIRECTION ( 'NONE',  ( 0.000000000000000000, 1.000000000000000000, 0.000000000000000000 ) ) ;
#1855 = LINE ( 'NONE', #1658, #2420 ) ;
#1856 = VERTEX_POINT ( 'NONE', #2576 ) ;
#1857 = VERTEX_POINT ( 'NONE', #2327 ) ;
#1858 = CARTESIAN_POINT ( 'NONE',  ( -40.00000000000000000, 218.0000000000000000, 3.469446951953614189E-15 ) ) ;
#1859 = EDGE_CURVE ( 'NONE', #870, #3058, #97, .T. ) ;
#1860 = VECTOR ( 'NONE', #1942, 1000.000000000000000 ) ;
#1861 = CARTESIAN_POINT ( 'NONE',  ( -13.05225199068858544, 20.67135959237984721, -12.47617592018835353 ) ) ;
#1862 = AXIS2_PLACEMENT_3D ( 'NONE', #2606, #1614, #2126 ) ;
#1863 = AXIS2_PLACEMENT_3D ( 'NONE', #268, #579, #9 ) ;
#1864 = CARTESIAN_POINT ( 'NONE',  ( -13.52391538834219276, 19.64765240096566856, -23.85335239875398017 ) ) ;
#1865 = CARTESIAN_POINT ( 'NONE',  ( 1.199999999368372983E-05, 190.0000000000000000, -17.33333333333332860 ) ) ;
#1866 = CARTESIAN_POINT ( 'NONE',  ( 122.9961508830135415, 12.00000000000000000, -24.66410058867567301 ) ) ;
#1867 = VERTEX_POINT ( 'NONE', #1869 ) ;
#1868 = DIRECTION ( 'NONE',  ( 0.000000000000000000, 5.219322342512834972E-32, 1.000000000000000000 ) ) ;
#1869 = CARTESIAN_POINT ( 'NONE',  ( 5.999999993372417961E-06, 190.0000000000000000, -22.00000000000000000 ) ) ;
#1870 = EDGE_CURVE ( 'NONE', #3167, #445, #622, .T. ) ;
#1871 = EDGE_CURVE ( 'NONE', #1252, #3036, #312, .T. ) ;
#1872 = EDGE_CURVE ( 'NONE', #290, #2763, #723, .T. ) ;
#1873 = FACE_OUTER_BOUND ( 'NONE', #2755, .T. ) ;
#1874 = VERTEX_POINT ( 'NONE', #1374 ) ;
#1875 = ORIENTED_EDGE ( 'NONE', *, *, #2268, .F. ) ;
#1876 = DIRECTION ( 'NONE',  ( 0.000000000000000000, 0.000000000000000000, 1.000000000000000000 ) ) ;
#1877 = CARTESIAN_POINT ( 'NONE',  ( -12.03575995623108064, 24.99999999999998579, -10.00000000000001776 ) ) ;
#1878 = CARTESIAN_POINT ( 'NONE',  ( -13.43389410084794022, 19.82786549983561031, -23.31434594739778632 ) ) ;
#1879 = DIRECTION ( 'NONE',  ( 6.938893903907173946E-15, 0.000000000000000000, -1.000000000000000000 ) ) ;
#1880 = DIRECTION ( 'NONE',  ( 0.000000000000000000, 1.000000000000000000, 0.000000000000000000 ) ) ;
#1881 = DIRECTION ( 'NONE',  ( -1.000000000000000000, 0.000000000000000000, -1.228122814850836818E-16 ) ) ;
#1882 = ORIENTED_EDGE ( 'NONE', *, *, #1447, .F. ) ;
#1883 = CARTESIAN_POINT ( 'NONE',  ( 104.0000000000000284, 203.0000000000000000, -22.50000000000000000 ) ) ;
#1884 = LINE ( 'NONE', #2610, #145 ) ;
#1885 = ADVANCED_FACE ( 'NONE', ( #3153 ), #2849, .F. ) ;
#1886 = DIRECTION ( 'NONE',  ( 0.000000000000000000, 1.000000000000000000, 0.000000000000000000 ) ) ;
#1887 = EDGE_LOOP ( 'NONE', ( #1241, #597, #2137, #460 ) ) ;
#1888 = ORIENTED_EDGE ( 'NONE', *, *, #995, .F. ) ;
#1889 = AXIS2_PLACEMENT_3D ( 'NONE', #1956, #2952, #1737 ) ;
#1890 = EDGE_CURVE ( 'NONE', #216, #1218, #1884, .T. ) ;
#1891 = CARTESIAN_POINT ( 'NONE',  ( -99.00000000000000000, 218.0000000000000568, -4.499999999999985789 ) ) ;
#1892 = EDGE_LOOP ( 'NONE', ( #1946, #194, #538, #2665 ) ) ;
#1893 = CARTESIAN_POINT ( 'NONE',  ( 60.00000000000000000, 218.0000000000000000, 3.469446951953614189E-15 ) ) ;
#1894 = AXIS2_PLACEMENT_3D ( 'NONE', #1177, #2489, #2424 ) ;
#1895 = CARTESIAN_POINT ( 'NONE',  ( -81.00000000000001421, 203.0000000000000000, -22.50000000000000000 ) ) ;
#1896 = AXIS2_PLACEMENT_3D ( 'NONE', #3154, #927, #765 ) ;
#1897 = FACE_OUTER_BOUND ( 'NONE', #1210, .T. ) ;
#1898 = DIRECTION ( 'NONE',  ( 0.000000000000000000, 0.000000000000000000, -1.000000000000000000 ) ) ;
#1899 = VERTEX_POINT ( 'NONE', #3096 ) ;
#1900 = DIRECTION ( 'NONE',  ( -1.128275431529630729E-16, -0.000000000000000000, 1.000000000000000000 ) ) ;
#1901 = DIRECTION ( 'NONE',  ( 4.625929269271485914E-16, 1.000000000000000000, 0.000000000000000000 ) ) ;
#1902 = EDGE_CURVE ( 'NONE', #3077, #1721, #1360, .T. ) ;
#1903 = LINE ( 'NONE', #2382, #2263 ) ;
#1904 = ORIENTED_EDGE ( 'NONE', *, *, #427, .T. ) ;
#1905 = VERTEX_POINT ( 'NONE', #1920 ) ;
#1906 = ORIENTED_EDGE ( 'NONE', *, *, #1989, .T. ) ;
#1907 = EDGE_CURVE ( 'NONE', #3204, #1984, #3124, .T. ) ;
#1908 = DIRECTION ( 'NONE',  ( -1.360718665719281119E-17, -0.000000000000000000, -1.000000000000000000 ) ) ;
#1909 = VECTOR ( 'NONE', #368, 1000.000000000000000 ) ;
#1910 = CARTESIAN_POINT ( 'NONE',  ( -100.5000000000000000, 12.00000000000000000, -24.99999999999998579 ) ) ;
#1911 = FACE_OUTER_BOUND ( 'NONE', #716, .T. ) ;
#1912 = VECTOR ( 'NONE', #323, 1000.000000000000000 ) ;
#1913 = CARTESIAN_POINT ( 'NONE',  ( -99.00000000000000000, 203.0000000000000568, -4.499999999999985789 ) ) ;
#1914 = ORIENTED_EDGE ( 'NONE', *, *, #3184, .T. ) ;
#1915 = AXIS2_PLACEMENT_3D ( 'NONE', #957, #2965, #2734 ) ;
#1916 = DIRECTION ( 'NONE',  ( -1.000000000000000000, 0.000000000000000000, -1.228122814850836818E-16 ) ) ;
#1917 = AXIS2_PLACEMENT_3D ( 'NONE', #2027, #999, #1994 ) ;
#1918 = PRESENTATION_LAYER_ASSIGNMENT (  '', '', ( #981 ) ) ;
#1919 = DIRECTION ( 'NONE',  ( 1.000000000000000000, 0.000000000000000000, 1.128275431529630729E-16 ) ) ;
#1920 = CARTESIAN_POINT ( 'NONE',  ( 46.00000000000002842, 12.00000000000000000, -26.99999999999999645 ) ) ;
#1921 = DIRECTION ( 'NONE',  ( -1.000000000000000000, 0.000000000000000000, 1.486905836551548832E-16 ) ) ;
#1922 = ORIENTED_EDGE ( 'NONE', *, *, #2269, .T. ) ;
#1923 = ORIENTED_EDGE ( 'NONE', *, *, #243, .T. ) ;
#1924 = ORIENTED_EDGE ( 'NONE', *, *, #1424, .T. ) ;
#1925 = VECTOR ( 'NONE', #317, 1000.000000000000000 ) ;
#1926 = CARTESIAN_POINT ( 'NONE',  ( 32.18724906564645494, 23.69495903720032359, -10.16221003104583076 ) ) ;
#1927 = CYLINDRICAL_SURFACE ( 'NONE', #1824, 5.000000000000000888 ) ;
#1928 = EDGE_CURVE ( 'NONE', #315, #1436, #2641, .T. ) ;
#1929 = DIRECTION ( 'NONE',  ( -1.128275431529630729E-16, 0.000000000000000000, -1.000000000000000000 ) ) ;
#1930 = CARTESIAN_POINT ( 'NONE',  ( 40.00000000000002842, 0.000000000000000000, -26.99999999999999645 ) ) ;
#1931 = ORIENTED_EDGE ( 'NONE', *, *, #2886, .T. ) ;
#1932 = EDGE_CURVE ( 'NONE', #1201, #2534, #636, .T. ) ;
#1933 = CARTESIAN_POINT ( 'NONE',  ( 101.0000000000000142, 203.0000000000000000, -4.499999999999985789 ) ) ;
#1934 = LINE ( 'NONE', #2460, #1085 ) ;
#1935 = CARTESIAN_POINT ( 'NONE',  ( 32.01851386082375939, 191.0345728618407861, -25.06336733097606384 ) ) ;
#1936 = EDGE_CURVE ( 'NONE', #2679, #767, #474, .T. ) ;
#1937 = DIRECTION ( 'NONE',  ( -0.5547001962252336993, 0.000000000000000000, 0.8320502943378407235 ) ) ;
#1938 = VECTOR ( 'NONE', #3087, 1000.000000000000000 ) ;
#1939 = ORIENTED_EDGE ( 'NONE', *, *, #2266, .F. ) ;
#1940 = ORIENTED_EDGE ( 'NONE', *, *, #624, .F. ) ;
#1941 = EDGE_LOOP ( 'NONE', ( #2672, #3013, #2261, #2748 ) ) ;
#1942 = DIRECTION ( 'NONE',  ( -1.000000000000000000, 0.000000000000000000, 1.228122814850836818E-16 ) ) ;
#1943 = DIRECTION ( 'NONE',  ( 0.000000000000000000, 0.000000000000000000, -1.000000000000000000 ) ) ;
#1944 = CARTESIAN_POINT ( 'NONE',  ( -0.6350832689629333228, 14.99999999999998579, -27.00000000000000000 ) ) ;
#1945 = DIRECTION ( 'NONE',  ( 1.000000000000000000, 0.000000000000000000, 1.486905836551548832E-16 ) ) ;
#1946 = ORIENTED_EDGE ( 'NONE', *, *, #809, .T. ) ;
#1947 = CARTESIAN_POINT ( 'NONE',  ( -99.00000000000000000, 203.0000000000000568, -4.499999999999985789 ) ) ;
#1948 = FACE_OUTER_BOUND ( 'NONE', #1506, .T. ) ;
#1949 = ORIENTED_EDGE ( 'NONE', *, *, #385, .F. ) ;
#1950 = UNCERTAINTY_MEASURE_WITH_UNIT (LENGTH_MEASURE( 1.000000000000000082E-05 ), #2322, 'distance_accuracy_value', 'NONE');
#1951 = CARTESIAN_POINT ( 'NONE',  ( 32.20750689021981117, 193.4062013250153882, -26.74199206434363774 ) ) ;
#1952 = ADVANCED_FACE ( 'NONE', ( #428 ), #1150, .F. ) ;
#1953 = AXIS2_PLACEMENT_3D ( 'NONE', #52, #2297, #1090 ) ;
#1954 = DIRECTION ( 'NONE',  ( -0.8320502943378407235, 0.000000000000000000, -0.5547001962252336993 ) ) ;
#1955 = ORIENTED_EDGE ( 'NONE', *, *, #3091, .F. ) ;
#1956 = CARTESIAN_POINT ( 'NONE',  ( -84.00000000000001421, 203.0000000000000000, -22.50000000000000000 ) ) ;
#1957 = ORIENTED_EDGE ( 'NONE', *, *, #1833, .T. ) ;
#1958 = DIRECTION ( 'NONE',  ( 1.000000000000000000, 0.000000000000000000, 0.000000000000000000 ) ) ;
#1959 = EDGE_CURVE ( 'NONE', #3114, #2387, #2897, .T. ) ;
#1960 = FACE_OUTER_BOUND ( 'NONE', #1296, .T. ) ;
#1961 = CARTESIAN_POINT ( 'NONE',  ( -0.001300390629212752006, 19.73922295993630982, -23.62699970680191797 ) ) ;
#1962 = CARTESIAN_POINT ( 'NONE',  ( 119.0000000000000142, 203.0000000000000568, -4.499999999999985789 ) ) ;
#1963 = ORIENTED_EDGE ( 'NONE', *, *, #2430, .T. ) ;
#1964 = CARTESIAN_POINT ( 'NONE',  ( -97.00000000000000000, 205.0000000000000568, 7.828983513769252240E-31 ) ) ;
#1965 = VECTOR ( 'NONE', #2747, 1000.000000000000000 ) ;
#1966 = DIRECTION ( 'NONE',  ( 0.000000000000000000, 0.000000000000000000, 1.000000000000000000 ) ) ;
#1967 = ORIENTED_EDGE ( 'NONE', *, *, #1902, .T. ) ;
#1968 = VECTOR ( 'NONE', #2348, 1000.000000000000000 ) ;
#1969 = CARTESIAN_POINT ( 'NONE',  ( 32.33852001507293750, 194.3526239449213335, -26.96844758033605771 ) ) ;
#1970 = CARTESIAN_POINT ( 'NONE',  ( 32.00000000000000000, 185.0000000000000000, -9.999999999999998224 ) ) ;
#1971 = EDGE_CURVE ( 'NONE', #1194, #2447, #583, .T. ) ;
#1972 = ORIENTED_EDGE ( 'NONE', *, *, #2401, .F. ) ;
#1973 = PLANE ( 'NONE',  #902 ) ;
#1974 = EDGE_CURVE ( 'NONE', #2219, #1218, #2749, .T. ) ;
#1975 = EDGE_CURVE ( 'NONE', #1361, #290, #1245, .T. ) ;
#1976 = ORIENTED_EDGE ( 'NONE', *, *, #1424, .F. ) ;
#1977 = CARTESIAN_POINT ( 'NONE',  ( -102.9961508830135273, 0.000000000000000000, -24.66410058867567301 ) ) ;
#1978 = CIRCLE ( 'NONE', #2449, 2.000000000000000000 ) ;
#1979 = CARTESIAN_POINT ( 'NONE',  ( -0.3806841059308644359, 16.11305347523499165, -26.87718192290137154 ) ) ;
#1980 = LINE ( 'NONE', #1764, #2496 ) ;
#1981 = ORIENTED_EDGE ( 'NONE', *, *, #3162, .F. ) ;
#1982 = CARTESIAN_POINT ( 'NONE',  ( 20.00000000000000000, 12.00000000000000000, 0.000000000000000000 ) ) ;
#1983 = CARTESIAN_POINT ( 'NONE',  ( 133.0000000000000000, 0.000000000000000000, -4.999999999999985789 ) ) ;
#1984 = VERTEX_POINT ( 'NONE', #1004 ) ;
#1985 = DIRECTION ( 'NONE',  ( 1.000000000000000000, 0.000000000000000000, 6.938893903907173157E-15 ) ) ;
#1986 = CARTESIAN_POINT ( 'NONE',  ( 119.0000000000000142, 203.0000000000000568, -22.50000000000000000 ) ) ;
#1987 = EDGE_LOOP ( 'NONE', ( #2900, #2800, #23, #2758 ) ) ;
#1988 = ORIENTED_EDGE ( 'NONE', *, *, #304, .F. ) ;
#1989 = EDGE_CURVE ( 'NONE', #989, #1089, #1215, .T. ) ;
#1990 = EDGE_LOOP ( 'NONE', ( #2251, #2428, #2431, #1963, #2198, #2383, #2912, #103, #929, #298, #2050, #2400, #3175, #58, #2340, #1700, #1497 ) ) ;
#1991 = CARTESIAN_POINT ( 'NONE',  ( -13.35088935932650855, 19.99999999999998579, 2.042278875296418757E-15 ) ) ;
#1992 = B_SPLINE_CURVE_WITH_KNOTS ( 'NONE', 3,
 ( #965, #768, #1191, #1757 ),
 .UNSPECIFIED., .F., .F.,
 ( 4, 4 ),
 ( 0.1851851851851852304, 0.4444444444444445863 ),
 .UNSPECIFIED. ) ;
#1993 = LINE ( 'NONE', #514, #1492 ) ;
#1994 = DIRECTION ( 'NONE',  ( 1.000000000000000000, 0.000000000000000000, 1.239088197126290817E-16 ) ) ;
#1995 = ORIENTED_EDGE ( 'NONE', *, *, #1354, .F. ) ;
#1996 = AXIS2_PLACEMENT_3D ( 'NONE', #3083, #360, #2532 ) ;
#1997 = CARTESIAN_POINT ( 'NONE',  ( 20.15777219871209880, 17.47777154697010360, -26.35519893284867265 ) ) ;
#1998 = DIRECTION ( 'NONE',  ( -1.228122814850836571E-16, 0.000000000000000000, -1.000000000000000000 ) ) ;
#1999 = CARTESIAN_POINT ( 'NONE',  ( 32.00732711820278098, 190.6664626741716972, -24.51580723391001371 ) ) ;
#2000 = VECTOR ( 'NONE', #1800, 1000.000000000000000 ) ;
#2001 = ADVANCED_FACE ( 'NONE', ( #733 ), #440, .T. ) ;
#2002 = CARTESIAN_POINT ( 'NONE',  ( -0.6350832689629333228, 14.99999999999998579, -27.00000000000000000 ) ) ;
#2003 = VERTEX_POINT ( 'NONE', #1469 ) ;
#2004 = ORIENTED_EDGE ( 'NONE', *, *, #240, .F. ) ;
#2005 = AXIS2_PLACEMENT_3D ( 'NONE', #178, #2368, #688 ) ;
#2006 = ORIENTED_EDGE ( 'NONE', *, *, #1313, .F. ) ;
#2007 = DIRECTION ( 'NONE',  ( 4.625929269271485914E-16, 1.000000000000000000, -5.219322342512834972E-32 ) ) ;
#2008 = DIRECTION ( 'NONE',  ( -1.000000000000000000, -0.000000000000000000, -0.000000000000000000 ) ) ;
#2009 = CARTESIAN_POINT ( 'NONE',  ( 120.5000000000000142, 0.000000000000000000, -24.99999999999998579 ) ) ;
#2010 = ORIENTED_EDGE ( 'NONE', *, *, #373, .F. ) ;
#2011 = EDGE_CURVE ( 'NONE', #769, #2447, #2690, .T. ) ;
#2012 = ADVANCED_FACE ( 'NONE', ( #2426 ), #2178, .T. ) ;
#2013 = CARTESIAN_POINT ( 'NONE',  ( 20.19602957933952325, 17.18998858649647232, -26.50669010639584755 ) ) ;
#2014 = LINE ( 'NONE', #2781, #977 ) ;
#2015 = CARTESIAN_POINT ( 'NONE',  ( -12.05107570560596386, 191.7063071256952185, -25.77602776213150548 ) ) ;
#2016 = DIRECTION ( 'NONE',  ( 0.000000000000000000, 0.000000000000000000, 1.000000000000000000 ) ) ;
#2017 = AXIS2_PLACEMENT_3D ( 'NONE', #2044, #3037, #2059 ) ;
#2018 = CARTESIAN_POINT ( 'NONE',  ( 20.00032260920820448, 190.1675784507727371, -23.29409836922087962 ) ) ;
#2019 = EDGE_LOOP ( 'NONE', ( #2981, #507, #1906, #3130 ) ) ;
#2020 = CARTESIAN_POINT ( 'NONE',  ( 19.99998800000000543, 19.99999999999998579, -15.00000000000001776 ) ) ;
#2021 = AXIS2_PLACEMENT_3D ( 'NONE', #2139, #2325, #889 ) ;
#2022 = AXIS2_PLACEMENT_3D ( 'NONE', #252, #235, #1208 ) ;
#2023 = ORIENTED_EDGE ( 'NONE', *, *, #1687, .F. ) ;
#2024 = B_SPLINE_CURVE_WITH_KNOTS ( 'NONE', 3,
 ( #3059, #2815, #584, #2569, #762, #1016, #335, #2013, #1997, #2992, #2743, #518, #3004, #2111, #3105, #2605, #153, #2635, #873, #631 ),
 .UNSPECIFIED., .F., .F.,
 ( 4, 2, 2, 2, 2, 2, 2, 2, 2, 4 ),
 ( 0.000000000000000000, 0.0009827819850611976046, 0.001474172977591801503, 0.001965563970122405184, 0.002948345955183605174, 0.003931127940244804296, 0.004913909925306003852, 0.005896691910367203408, 0.006879473895428402097, 0.007862255880489601653 ),
 .UNSPECIFIED. ) ;
#2025 = FACE_OUTER_BOUND ( 'NONE', #3156, .T. ) ;
#2026 = CARTESIAN_POINT ( 'NONE',  ( -12.00000000000000178, 190.0000000000000000, -14.99999999999999822 ) ) ;
#2027 = CARTESIAN_POINT ( 'NONE',  ( 60.00000000000000000, 190.0000000000000000, -26.99999999999999645 ) ) ;
#2028 = ORIENTED_EDGE ( 'NONE', *, *, #2812, .F. ) ;
#2029 = FACE_OUTER_BOUND ( 'NONE', #2724, .T. ) ;
#2030 = EDGE_CURVE ( 'NONE', #1708, #2219, #1456, .T. ) ;
#2031 = FACE_OUTER_BOUND ( 'NONE', #2088, .T. ) ;
#2032 = CARTESIAN_POINT ( 'NONE',  ( 3.742146402793859126E-05, 190.0324775036785070, -22.65578658299217096 ) ) ;
#2033 = CARTESIAN_POINT ( 'NONE',  ( 119.0000000000000142, 203.0000000000000568, -22.50000000000000000 ) ) ;
#2034 = ORIENTED_EDGE ( 'NONE', *, *, #722, .F. ) ;
#2035 = EDGE_CURVE ( 'NONE', #86, #936, #96, .T. ) ;
#2036 = AXIS2_PLACEMENT_3D ( 'NONE', #1573, #1558, #1283 ) ;
#2037 = EDGE_CURVE ( 'NONE', #2289, #2736, #3189, .T. ) ;
#2038 = LINE ( 'NONE', #1823, #447 ) ;
#2039 = ORIENTED_EDGE ( 'NONE', *, *, #2596, .T. ) ;
#2040 = LINE ( 'NONE', #1825, #2723 ) ;
#2041 = ADVANCED_FACE ( 'NONE', ( #473 ), #2462, .T. ) ;
#2042 = CARTESIAN_POINT ( 'NONE',  ( -84.00000000000001421, 203.0000000000000000, -22.50000000000000000 ) ) ;
#2043 = ORIENTED_EDGE ( 'NONE', *, *, #1690, .T. ) ;
#2044 = CARTESIAN_POINT ( 'NONE',  ( 131.0000000000000000, 12.00000000000000000, -2.999999999999986233 ) ) ;
#2045 = PLANE ( 'NONE',  #1863 ) ;
#2046 = ORIENTED_EDGE ( 'NONE', *, *, #1444, .F. ) ;
#2047 = DIRECTION ( 'NONE',  ( 0.000000000000000000, 0.000000000000000000, -1.000000000000000000 ) ) ;
#2048 = LINE ( 'NONE', #3060, #771 ) ;
#2049 = CARTESIAN_POINT ( 'NONE',  ( 43.90248540192878579, 226.6408892126974592, -18.96837372377386544 ) ) ;
#2050 = ORIENTED_EDGE ( 'NONE', *, *, #1859, .T. ) ;
#2051 = CARTESIAN_POINT ( 'NONE',  ( 20.00122201808393996, 190.3189230512487882, -23.76477237681228161 ) ) ;
#2052 = ORIENTED_EDGE ( 'NONE', *, *, #60, .F. ) ;
#2053 = CARTESIAN_POINT ( 'NONE',  ( -12.03575995623108064, 24.99999999999998579, -10.00000000000001776 ) ) ;
#2054 = ADVANCED_FACE ( 'NONE', ( #971 ), #242, .F. ) ;
#2055 = VECTOR ( 'NONE', #1916, 1000.000000000000000 ) ;
#2056 = VECTOR ( 'NONE', #1230, 1000.000000000000000 ) ;
#2057 = PLANE ( 'NONE',  #3079 ) ;
#2058 = ORIENTED_EDGE ( 'NONE', *, *, #3126, .T. ) ;
#2059 = DIRECTION ( 'NONE',  ( 0.000000000000000000, 0.000000000000000000, -1.000000000000000000 ) ) ;
#2060 = DIRECTION ( 'NONE',  ( -0.000000000000000000, -0.000000000000000000, 1.000000000000000000 ) ) ;
#2061 = ORIENTED_EDGE ( 'NONE', *, *, #2230, .F. ) ;
#2062 = EDGE_CURVE ( 'NONE', #1556, #2645, #1390, .T. ) ;
#2063 = CARTESIAN_POINT ( 'NONE',  ( 117.0000000000000000, 203.0000000000000568, 7.828983513769252240E-31 ) ) ;
#2064 = DIRECTION ( 'NONE',  ( 0.000000000000000000, 0.000000000000000000, 1.000000000000000000 ) ) ;
#2065 = ORIENTED_EDGE ( 'NONE', *, *, #2250, .T. ) ;
#2066 = CARTESIAN_POINT ( 'NONE',  ( -12.00000000000000178, 190.0000000000000000, -22.00000000000000000 ) ) ;
#2067 = DIRECTION ( 'NONE',  ( -6.938893903907173946E-15, 0.000000000000000000, -1.000000000000000000 ) ) ;
#2068 = DIRECTION ( 'NONE',  ( -1.000000000000000000, -0.000000000000000000, 1.228122814850836818E-16 ) ) ;
#2069 = EDGE_CURVE ( 'NONE', #381, #1265, #338, .T. ) ;
#2070 = DIRECTION ( 'NONE',  ( 0.8320502943378450533, 0.000000000000000000, 0.5547001962252271490 ) ) ;
#2071 = AXIS2_PLACEMENT_3D ( 'NONE', #2523, #759, #1224 ) ;
#2072 = ORIENTED_EDGE ( 'NONE', *, *, #1547, .T. ) ;
#2073 = ORIENTED_EDGE ( 'NONE', *, *, #861, .T. ) ;
#2074 = EDGE_CURVE ( 'NONE', #1867, #542, #1621, .T. ) ;
#2075 = CIRCLE ( 'NONE', #147, 40.00000000000001421 ) ;
#2076 = DIRECTION ( 'NONE',  ( 0.000000000000000000, -1.000000000000000000, 0.000000000000000000 ) ) ;
#2077 = VECTOR ( 'NONE', #2287, 1000.000000000000000 ) ;
#2078 = CARTESIAN_POINT ( 'NONE',  ( -113.0000000000000000, 12.00000000000000000, -4.999999999999985789 ) ) ;
#2079 = ORIENTED_EDGE ( 'NONE', *, *, #2470, .F. ) ;
#2080 = DIRECTION ( 'NONE',  ( 1.000000000000000000, 0.000000000000000000, -0.000000000000000000 ) ) ;
#2081 = CIRCLE ( 'NONE', #2332, 28.00000000000000355 ) ;
#2082 = LINE ( 'NONE', #845, #412 ) ;
#2083 = DIRECTION ( 'NONE',  ( -1.000000000000000000, 0.000000000000000000, 6.938893903907173157E-15 ) ) ;
#2084 = CARTESIAN_POINT ( 'NONE',  ( 100.0000000000000000, 0.000000000000000000, -4.999999999999985789 ) ) ;
#2085 = VECTOR ( 'NONE', #2070, 1000.000000000000000 ) ;
#2086 = LINE ( 'NONE', #2836, #1288 ) ;
#2087 = FACE_OUTER_BOUND ( 'NONE', #791, .T. ) ;
#2088 = EDGE_LOOP ( 'NONE', ( #784, #2790, #3137, #2293, #2712, #1641, #2951, #2116 ) ) ;
#2089 = DIRECTION ( 'NONE',  ( 0.000000000000000000, 0.000000000000000000, 1.000000000000000000 ) ) ;
#2090 = CARTESIAN_POINT ( 'NONE',  ( -12.00000000000000000, 190.0000000000000000, 0.000000000000000000 ) ) ;
#2091 = ORIENTED_EDGE ( 'NONE', *, *, #2300, .F. ) ;
#2092 = CARTESIAN_POINT ( 'NONE',  ( 33.46033952530333266, 19.77409264158776381, -23.49787429502837455 ) ) ;
#2093 = DIRECTION ( 'NONE',  ( 1.128275431529630729E-16, 0.000000000000000000, -1.000000000000000000 ) ) ;
#2094 = AXIS2_PLACEMENT_3D ( 'NONE', #2784, #1126, #2122 ) ;
#2095 = CARTESIAN_POINT ( 'NONE',  ( 20.00000000000000711, 203.0000000000000000, 7.828983513769252240E-31 ) ) ;
#2096 = VERTEX_POINT ( 'NONE', #2527 ) ;
#2097 = LINE ( 'NONE', #1373, #1216 ) ;
#2098 = DIRECTION ( 'NONE',  ( 0.000000000000000000, 0.000000000000000000, -1.000000000000000000 ) ) ;
#2099 = VERTEX_POINT ( 'NONE', #1518 ) ;
#2100 = CARTESIAN_POINT ( 'NONE',  ( -12.00000000000000000, 0.000000000000000000, 0.000000000000000000 ) ) ;
#2101 = EDGE_CURVE ( 'NONE', #1452, #215, #813, .T. ) ;
#2102 = FACE_OUTER_BOUND ( 'NONE', #2708, .T. ) ;
#2103 = ORIENTED_EDGE ( 'NONE', *, *, #128, .T. ) ;
#2104 = ORIENTED_EDGE ( 'NONE', *, *, #753, .F. ) ;
#2105 = ADVANCED_FACE ( 'NONE', ( #295 ), #2819, .F. ) ;
#2106 = DIRECTION ( 'NONE',  ( 0.000000000000000000, -1.000000000000000000, 0.000000000000000000 ) ) ;
#2107 = VECTOR ( 'NONE', #2159, 1000.000000000000000 ) ;
#2108 = CARTESIAN_POINT ( 'NONE',  ( -13.35088935932651033, 19.99999999999998579, -15.00000000000001776 ) ) ;
#2109 = LINE ( 'NONE', #2537, #725 ) ;
#2110 = VECTOR ( 'NONE', #1751, 1000.000000000000000 ) ;
#2111 = CARTESIAN_POINT ( 'NONE',  ( 20.01037511351558251, 19.32970246102431133, -24.52257800381497432 ) ) ;
#2112 = CARTESIAN_POINT ( 'NONE',  ( 1.199999998250440095E-05, 190.0000000000000000, -19.66666666666666430 ) ) ;
#2113 = EDGE_CURVE ( 'NONE', #554, #1812, #893, .T. ) ;
#2114 = FACE_OUTER_BOUND ( 'NONE', #1417, .T. ) ;
#2115 = EDGE_CURVE ( 'NONE', #2499, #2465, #738, .T. ) ;
#2116 = ORIENTED_EDGE ( 'NONE', *, *, #240, .T. ) ;
#2117 = CARTESIAN_POINT ( 'NONE',  ( -110.0000000000000000, 218.0000000000000000, 1.387778780781445676E-14 ) ) ;
#2118 = CARTESIAN_POINT ( 'NONE',  ( -37.48093448145583295, 229.9255701684193411, -8.988934558260016416 ) ) ;
#2119 = CARTESIAN_POINT ( 'NONE',  ( 5.999999995107141437E-06, 19.99999999999998934, -22.00000000000000000 ) ) ;
#2120 = ORIENTED_EDGE ( 'NONE', *, *, #1475, .T. ) ;
#2121 = PLANE ( 'NONE',  #2917 ) ;
#2122 = DIRECTION ( 'NONE',  ( 1.000000000000000000, 0.000000000000000000, 1.128275431529629989E-16 ) ) ;
#2123 = CIRCLE ( 'NONE', #2905, 4.999999999999999112 ) ;
#2124 = VECTOR ( 'NONE', #1835, 1000.000000000000000 ) ;
#2125 = CARTESIAN_POINT ( 'NONE',  ( -13.46033952530332023, 19.77409264158776026, -23.49787429502837099 ) ) ;
#2126 = DIRECTION ( 'NONE',  ( 0.000000000000000000, 0.000000000000000000, -1.000000000000000000 ) ) ;
#2127 = CARTESIAN_POINT ( 'NONE',  ( -111.0000000000000000, 12.00000000000000000, -4.999999999999985789 ) ) ;
#2128 = CARTESIAN_POINT ( 'NONE',  ( -84.00000000000001421, 203.0000000000000000, -4.499999999999984901 ) ) ;
#2129 = PLANE ( 'NONE',  #805 ) ;
#2130 = ADVANCED_FACE ( 'NONE', ( #2363 ), #1371, .F. ) ;
#2131 = APPLICATION_CONTEXT ( 'automotive_design' ) ;
#2132 = EDGE_CURVE ( 'NONE', #237, #315, #2405, .T. ) ;
#2133 = DIRECTION ( 'NONE',  ( -0.000000000000000000, 1.000000000000000000, -0.000000000000000000 ) ) ;
#2134 = PLANE ( 'NONE',  #2005 ) ;
#2135 = ORIENTED_EDGE ( 'NONE', *, *, #1375, .T. ) ;
#2136 = FACE_OUTER_BOUND ( 'NONE', #3043, .T. ) ;
#2137 = ORIENTED_EDGE ( 'NONE', *, *, #1384, .T. ) ;
#2138 = CARTESIAN_POINT ( 'NONE',  ( -15.19553100983804050, 17.09010071793907315, -26.55297415145199480 ) ) ;
#2139 = CARTESIAN_POINT ( 'NONE',  ( -113.0000000000000000, 24.99999999999998579, -15.00000000000001599 ) ) ;
#2140 = DIRECTION ( 'NONE',  ( -1.000000000000000000, 0.000000000000000000, 1.128275431529630482E-16 ) ) ;
#2141 = LINE ( 'NONE', #424, #2913 ) ;
#2142 = ORIENTED_EDGE ( 'NONE', *, *, #1251, .F. ) ;
#2143 = ADVANCED_FACE ( 'NONE', ( #2114 ), #1118, .F. ) ;
#2144 = DIRECTION ( 'NONE',  ( 2.891205793294676354E-16, 8.155191160176291097E-32, -1.000000000000000000 ) ) ;
#2145 = CARTESIAN_POINT ( 'NONE',  ( -99.00000000000000000, 203.0000000000000568, -22.50000000000000000 ) ) ;
#2146 = ADVANCED_FACE ( 'NONE', ( #3107 ), #2845, .F. ) ;
#2147 = DIRECTION ( 'NONE',  ( 0.000000000000000000, 0.000000000000000000, 1.000000000000000000 ) ) ;
#2148 = ORIENTED_EDGE ( 'NONE', *, *, #2854, .F. ) ;
#2149 = EDGE_LOOP ( 'NONE', ( #1720, #1219, #2028, #2782 ) ) ;
#2150 = AXIS2_PLACEMENT_3D ( 'NONE', #477, #246, #1232 ) ;
#2151 = VERTEX_POINT ( 'NONE', #353 ) ;
#2152 = CARTESIAN_POINT ( 'NONE',  ( 32.24447743483015927, 23.37693904848223170, -10.25951945636068530 ) ) ;
#2153 = AXIS2_PLACEMENT_3D ( 'NONE', #2224, #2705, #2458 ) ;
#2154 = FILL_AREA_STYLE ('',( #1206 ) ) ;
#2155 = VECTOR ( 'NONE', #1718, 1000.000000000000000 ) ;
#2156 = CARTESIAN_POINT ( 'NONE',  ( -81.00000000000001421, 205.0000000000000284, -22.50000000000000000 ) ) ;
#2157 = DIRECTION ( 'NONE',  ( -0.000000000000000000, -1.000000000000000000, -0.000000000000000000 ) ) ;
#2158 = VERTEX_POINT ( 'NONE', #2637 ) ;
#2159 = DIRECTION ( 'NONE',  ( 1.000000000000000000, -0.000000000000000000, -1.486905836551548832E-16 ) ) ;
#2160 = CARTESIAN_POINT ( 'NONE',  ( 103.0000000000000284, 205.0000000000000284, 7.828983513769252240E-31 ) ) ;
#2161 = DIRECTION ( 'NONE',  ( 1.000000000000000000, -0.000000000000000000, -0.000000000000000000 ) ) ;
#2162 = CARTESIAN_POINT ( 'NONE',  ( -80.00000000000000000, 0.000000000000000000, -4.999999999999985789 ) ) ;
#2163 = ORIENTED_EDGE ( 'NONE', *, *, #2115, .F. ) ;
#2164 = ORIENTED_EDGE ( 'NONE', *, *, #914, .F. ) ;
#2165 = EDGE_CURVE ( 'NONE', #408, #1857, #1402, .T. ) ;
#2166 = EDGE_CURVE ( 'NONE', #1218, #1984, #648, .T. ) ;
#2167 = ORIENTED_EDGE ( 'NONE', *, *, #2356, .F. ) ;
#2168 = CARTESIAN_POINT ( 'NONE',  ( 33.35088935932650855, 19.99999999999998579, -22.00000000000000000 ) ) ;
#2169 = VECTOR ( 'NONE', #1028, 1000.000000000000000 ) ;
#2170 = DIRECTION ( 'NONE',  ( 1.128275431529630729E-16, -0.000000000000000000, 1.000000000000000000 ) ) ;
#2171 = CIRCLE ( 'NONE', #3073, 13.99999999999999822 ) ;
#2172 = FACE_OUTER_BOUND ( 'NONE', #826, .T. ) ;
#2173 = EDGE_CURVE ( 'NONE', #1459, #769, #3120, .T. ) ;
#2174 = VERTEX_POINT ( 'NONE', #2590 ) ;
#2175 = VECTOR ( 'NONE', #1665, 1000.000000000000000 ) ;
#2176 = CARTESIAN_POINT ( 'NONE',  ( 117.0000000000000000, 203.0000000000000568, -22.50000000000000000 ) ) ;
#2177 = CARTESIAN_POINT ( 'NONE',  ( 1.387778780781445676E-14, 207.5000000000000284, -7.100251257867595811 ) ) ;
#2178 = CYLINDRICAL_SURFACE ( 'NONE', #978, 22.49999999999999289 ) ;
#2179 = FACE_OUTER_BOUND ( 'NONE', #643, .T. ) ;
#2180 = EDGE_LOOP ( 'NONE', ( #166, #2883, #2519, #2507, #751 ) ) ;
#2181 = EDGE_LOOP ( 'NONE', ( #3206, #214, #459, #365 ) ) ;
#2182 = EDGE_LOOP ( 'NONE', ( #2446, #1124, #1538, #1397 ) ) ;
#2183 =( GEOMETRIC_REPRESENTATION_CONTEXT ( 3 ) GLOBAL_UNCERTAINTY_ASSIGNED_CONTEXT ( ( #3188 ) ) GLOBAL_UNIT_ASSIGNED_CONTEXT ( ( #450, #284, #3164 ) ) REPRESENTATION_CONTEXT ( 'NONE', 'WORKASPACE' ) );
#2184 = CARTESIAN_POINT ( 'NONE',  ( 100.0000000000000000, 0.000000000000000000, -24.99999999999998579 ) ) ;
#2185 = CARTESIAN_POINT ( 'NONE',  ( 131.0000000000000000, 12.00000000000000000, -2.999999999999986233 ) ) ;
#2186 = ADVANCED_FACE ( 'NONE', ( #1385 ), #860, .F. ) ;
#2187 = CARTESIAN_POINT ( 'NONE',  ( -0.09591988952661222034, 18.02433923880291644, -25.99505716508509323 ) ) ;
#2188 = CARTESIAN_POINT ( 'NONE',  ( 130.0000000000000000, 230.0000000000000000, 1.387778780781445676E-14 ) ) ;
#2189 = EDGE_LOOP ( 'NONE', ( #401, #2658, #760, #1922 ) ) ;
#2190 = PLANE ( 'NONE',  #1894 ) ;
#2191 = FACE_OUTER_BOUND ( 'NONE', #180, .T. ) ;
#2192 = ORIENTED_EDGE ( 'NONE', *, *, #2867, .F. ) ;
#2193 = DIRECTION ( 'NONE',  ( -0.000000000000000000, 1.000000000000000000, -0.000000000000000000 ) ) ;
#2194 = VERTEX_POINT ( 'NONE', #3093 ) ;
#2195 = DIRECTION ( 'NONE',  ( -1.000000000000000000, 0.000000000000000000, 1.224646799147353207E-16 ) ) ;
#2196 = VECTOR ( 'NONE', #2859, 1000.000000000000000 ) ;
#2197 = ORIENTED_EDGE ( 'NONE', *, *, #907, .F. ) ;
#2198 = ORIENTED_EDGE ( 'NONE', *, *, #2888, .F. ) ;
#2199 = ADVANCED_FACE ( 'NONE', ( #2862 ), #1344, .F. ) ;
#2200 = ORIENTED_EDGE ( 'NONE', *, *, #2726, .T. ) ;
#2201 = DIRECTION ( 'NONE',  ( -1.000000000000000000, 0.000000000000000000, 0.000000000000000000 ) ) ;
#2202 = DIRECTION ( 'NONE',  ( 1.000000000000000000, 0.000000000000000000, -1.228122814850836818E-16 ) ) ;
#2203 = CARTESIAN_POINT ( 'NONE',  ( 124.1055512754640091, 0.000000000000000000, -4.999999999999985789 ) ) ;
#2204 = CARTESIAN_POINT ( 'NONE',  ( -12.00000000000000000, 190.0000000000000000, 0.000000000000000000 ) ) ;
#2205 = VERTEX_POINT ( 'NONE', #1866 ) ;
#2206 = AXIS2_PLACEMENT_3D ( 'NONE', #1104, #3108, #1585 ) ;
#2207 = DIRECTION ( 'NONE',  ( -4.625929269271485914E-16, 1.000000000000000000, -5.219322342512834972E-32 ) ) ;
#2208 = ADVANCED_FACE ( 'NONE', ( #2344 ), #406, .T. ) ;
#2209 = AXIS2_PLACEMENT_3D ( 'NONE', #1588, #1314, #540 ) ;
#2210 = EDGE_CURVE ( 'NONE', #2003, #986, #137, .T. ) ;
#2211 = PLANE ( 'NONE',  #517 ) ;
#2212 = VERTEX_POINT ( 'NONE', #890 ) ;
#2213 = PRODUCT_DEFINITION_CONTEXT ( 'detailed design', #962, 'design' ) ;
#2214 = CARTESIAN_POINT ( 'NONE',  ( 32.11135792357563190, 192.5096539679082355, -26.34799393896447128 ) ) ;
#2215 = ADVANCED_FACE ( 'NONE', ( #1897 ), #617, .T. ) ;
#2216 = DIRECTION ( 'NONE',  ( 0.000000000000000000, -1.000000000000000000, 0.000000000000000000 ) ) ;
#2217 = ORIENTED_EDGE ( 'NONE', *, *, #1928, .T. ) ;
#2218 = VERTEX_POINT ( 'NONE', #2910 ) ;
#2219 = VERTEX_POINT ( 'NONE', #695 ) ;
#2220 = LINE ( 'NONE', #2680, #1026 ) ;
#2221 = CARTESIAN_POINT ( 'NONE',  ( -0.1960295793395314956, 17.18998858649647232, -26.50669010639584400 ) ) ;
#2222 = CARTESIAN_POINT ( 'NONE',  ( -12.00000000000000178, 185.0000000000000000, -9.999999999999998224 ) ) ;
#2223 = ORIENTED_EDGE ( 'NONE', *, *, #2847, .F. ) ;
#2224 = CARTESIAN_POINT ( 'NONE',  ( -26.00000000000002487, 25.99999999999999645, -26.99999999999999645 ) ) ;
#2225 = VECTOR ( 'NONE', #2007, 1000.000000000000000 ) ;
#2226 = VECTOR ( 'NONE', #2157, 1000.000000000000000 ) ;
#2227 = DIRECTION ( 'NONE',  ( -1.000000000000000000, 0.000000000000000000, 1.360718665719281119E-17 ) ) ;
#2228 = ORIENTED_EDGE ( 'NONE', *, *, #2037, .F. ) ;
#2229 = DIRECTION ( 'NONE',  ( 0.8320502943378450533, 0.000000000000000000, 0.5547001962252271490 ) ) ;
#2230 = EDGE_CURVE ( 'NONE', #2967, #2679, #451, .T. ) ;
#2231 = VECTOR ( 'NONE', #2008, 1000.000000000000000 ) ;
#2232 = EDGE_CURVE ( 'NONE', #3051, #408, #926, .T. ) ;
#2233 = CARTESIAN_POINT ( 'NONE',  ( 60.00000000000000000, 190.0000000000000000, 3.469446951953614189E-15 ) ) ;
#2234 = ORIENTED_EDGE ( 'NONE', *, *, #1617, .F. ) ;
#2235 = ORIENTED_EDGE ( 'NONE', *, *, #2210, .F. ) ;
#2236 = VECTOR ( 'NONE', #2993, 1000.000000000000000 ) ;
#2237 = ORIENTED_EDGE ( 'NONE', *, *, #387, .F. ) ;
#2238 = DIRECTION ( 'NONE',  ( 1.000000000000000000, 0.000000000000000000, 4.336808689942013792E-16 ) ) ;
#2239 = AXIS2_PLACEMENT_3D ( 'NONE', #871, #2076, #2355 ) ;
#2240 = PLANE ( 'NONE',  #47 ) ;
#2241 = FACE_BOUND ( 'NONE', #281, .T. ) ;
#2242 = EDGE_LOOP ( 'NONE', ( #713, #628, #2997, #2200 ) ) ;
#2243 = CARTESIAN_POINT ( 'NONE',  ( -84.00000000000001421, 203.0000000000000000, -22.50000000000000000 ) ) ;
#2244 = CYLINDRICAL_SURFACE ( 'NONE', #621, 40.00000000000001421 ) ;
#2245 = CARTESIAN_POINT ( 'NONE',  ( -110.0000000000000000, 230.0000000000000000, 1.387778780781445676E-14 ) ) ;
#2246 = EDGE_CURVE ( 'NONE', #86, #2151, #2958, .T. ) ;
#2247 = DIRECTION ( 'NONE',  ( 0.000000000000000000, 0.000000000000000000, 1.000000000000000000 ) ) ;
#2248 = VERTEX_POINT ( 'NONE', #1462 ) ;
#2249 = ORIENTED_EDGE ( 'NONE', *, *, #1113, .T. ) ;
#2250 = EDGE_CURVE ( 'NONE', #3088, #125, #498, .T. ) ;
#2251 = ORIENTED_EDGE ( 'NONE', *, *, #1687, .T. ) ;
#2252 = DIRECTION ( 'NONE',  ( -1.128275431529630729E-16, 0.000000000000000000, -1.000000000000000000 ) ) ;
#2253 = DIRECTION ( 'NONE',  ( 0.000000000000000000, 0.000000000000000000, 1.000000000000000000 ) ) ;
#2254 = DIRECTION ( 'NONE',  ( -1.000000000000000000, 0.000000000000000000, 0.000000000000000000 ) ) ;
#2255 = EDGE_LOOP ( 'NONE', ( #2493, #2234, #1319, #1455 ) ) ;
#2256 = CARTESIAN_POINT ( 'NONE',  ( -12.00000000000000178, 1.224510688924807363E-15, -10.00000000000002132 ) ) ;
#2257 = CARTESIAN_POINT ( 'NONE',  ( -40.00000000000000000, 190.0000000000000000, -26.99999999999999645 ) ) ;
#2258 = CARTESIAN_POINT ( 'NONE',  ( 54.96862328578005474, 229.6873613641749046, -10.86823165590501539 ) ) ;
#2259 = LINE ( 'NONE', #872, #1782 ) ;
#2260 = CARTESIAN_POINT ( 'NONE',  ( -111.0000000000000000, 12.00000000000000000, -24.99999999999998579 ) ) ;
#2261 = ORIENTED_EDGE ( 'NONE', *, *, #302, .T. ) ;
#2262 = DIRECTION ( 'NONE',  ( -1.000000000000000000, 0.000000000000000000, -1.228122814850836818E-16 ) ) ;
#2263 = VECTOR ( 'NONE', #1137, 1000.000000000000000 ) ;
#2264 = CARTESIAN_POINT ( 'NONE',  ( -111.0000000000000000, 0.000000000000000000, -4.999999999999985789 ) ) ;
#2265 = ORIENTED_EDGE ( 'NONE', *, *, #2930, .T. ) ;
#2266 = EDGE_CURVE ( 'NONE', #1713, #1508, #1042, .T. ) ;
#2267 = CARTESIAN_POINT ( 'NONE',  ( -13.35088935932651033, 19.99999999999998579, -22.00000000000000000 ) ) ;
#2268 = EDGE_CURVE ( 'NONE', #2464, #2919, #1726, .T. ) ;
#2269 = EDGE_CURVE ( 'NONE', #1131, #3058, #2700, .T. ) ;
#2270 = DIRECTION ( 'NONE',  ( 0.000000000000000000, 0.000000000000000000, -1.000000000000000000 ) ) ;
#2271 = PLANE ( 'NONE',  #1134 ) ;
#2272 = ORIENTED_EDGE ( 'NONE', *, *, #1771, .F. ) ;
#2273 = CARTESIAN_POINT ( 'NONE',  ( 100.0000000000000000, 12.00000000000000000, -4.999999999999985789 ) ) ;
#2274 = LINE ( 'NONE', #2509, #1912 ) ;
#2275 = EDGE_LOOP ( 'NONE', ( #334, #1404, #418, #3 ) ) ;
#2276 = CARTESIAN_POINT ( 'NONE',  ( -100.5000000000000000, 12.00000000000000000, -4.999999999999985789 ) ) ;
#2277 = DIRECTION ( 'NONE',  ( 0.000000000000000000, -1.000000000000000000, 0.000000000000000000 ) ) ;
#2278 = VECTOR ( 'NONE', #8, 1000.000000000000000 ) ;
#2279 = FACE_OUTER_BOUND ( 'NONE', #1425, .T. ) ;
#2280 = ORIENTED_EDGE ( 'NONE', *, *, #3089, .F. ) ;
#2281 = LINE ( 'NONE', #2100, #749 ) ;
#2282 = AXIS2_PLACEMENT_3D ( 'NONE', #92, #1342, #3134 ) ;
#2283 = VECTOR ( 'NONE', #1703, 1000.000000000000000 ) ;
#2284 = DIRECTION ( 'NONE',  ( 0.000000000000000000, 1.000000000000000000, 0.000000000000000000 ) ) ;
#2285 = ORIENTED_EDGE ( 'NONE', *, *, #1871, .T. ) ;
#2286 = DIRECTION ( 'NONE',  ( -0.000000000000000000, 1.000000000000000000, -0.000000000000000000 ) ) ;
#2287 = DIRECTION ( 'NONE',  ( 1.000000000000000000, 0.000000000000000000, 1.128275431529630729E-16 ) ) ;
#2288 = LINE ( 'NONE', #1798, #1393 ) ;
#2289 = VERTEX_POINT ( 'NONE', #2455 ) ;
#2290 = DIRECTION ( 'NONE',  ( 0.8320502943378407235, 0.000000000000000000, 0.5547001962252335883 ) ) ;
#2291 = ADVANCED_FACE ( 'NONE', ( #1911 ), #219, .F. ) ;
#2292 = DIRECTION ( 'NONE',  ( -1.128275431529630729E-16, 0.000000000000000000, -1.000000000000000000 ) ) ;
#2293 = ORIENTED_EDGE ( 'NONE', *, *, #641, .F. ) ;
#2294 = CARTESIAN_POINT ( 'NONE',  ( -11.99994387783288552, 190.0325875300400753, -22.65860803407471025 ) ) ;
#2295 = CARTESIAN_POINT ( 'NONE',  ( 20.31373033403113482, 195.0000000000000000, -27.00000000000000000 ) ) ;
#2296 = VERTEX_POINT ( 'NONE', #2203 ) ;
#2297 = DIRECTION ( 'NONE',  ( -1.128275431529630729E-16, 0.000000000000000000, -1.000000000000000000 ) ) ;
#2298 = FACE_OUTER_BOUND ( 'NONE', #2857, .T. ) ;
#2299 = EDGE_LOOP ( 'NONE', ( #2778, #659, #2120, #650 ) ) ;
#2300 = EDGE_CURVE ( 'NONE', #1131, #1201, #3212, .T. ) ;
#2301 = CARTESIAN_POINT ( 'NONE',  ( 120.5000000000000142, 12.00000000000000000, -22.99999999999999645 ) ) ;
#2302 = CARTESIAN_POINT ( 'NONE',  ( -99.00000000000000000, 203.0000000000000568, -4.499999999999985789 ) ) ;
#2303 = DIRECTION ( 'NONE',  ( 0.000000000000000000, 0.000000000000000000, 1.000000000000000000 ) ) ;
#2304 = ORIENTED_EDGE ( 'NONE', *, *, #2947, .F. ) ;
#2305 = CARTESIAN_POINT ( 'NONE',  ( 0.000000000000000000, 12.00000000000000000, 0.000000000000000000 ) ) ;
#2306 = PLANE ( 'NONE',  #565 ) ;
#2307 = CARTESIAN_POINT ( 'NONE',  ( -12.26920450524770523, 193.8766846362363765, -26.87486454912768608 ) ) ;
#2308 = VECTOR ( 'NONE', #2068, 1000.000000000000000 ) ;
#2309 = EDGE_CURVE ( 'NONE', #816, #1508, #1783, .T. ) ;
#2310 = EDGE_CURVE ( 'NONE', #3036, #2774, #1239, .T. ) ;
#2311 = EDGE_CURVE ( 'NONE', #1845, #1713, #1183, .T. ) ;
#2312 = LINE ( 'NONE', #783, #1065 ) ;
#2313 = DIRECTION ( 'NONE',  ( 1.000000000000000000, 0.000000000000000000, -1.228122814850836818E-16 ) ) ;
#2314 = VECTOR ( 'NONE', #2914, 1000.000000000000000 ) ;
#2315 = AXIS2_PLACEMENT_3D ( 'NONE', #1590, #802, #1108 ) ;
#2316 = LINE ( 'NONE', #2042, #1143 ) ;
#2317 = B_SPLINE_CURVE_WITH_KNOTS ( 'NONE', 3,
 ( #122, #2830, #1847, #1878, #2125, #1864, #645, #2860, #422, #91, #2843, #1580, #615, #2622, #1629, #2138, #660, #1613, #857, #1600, #389, #1369 ),
 .UNSPECIFIED., .F., .F.,
 ( 4, 2, 2, 2, 2, 2, 2, 2, 2, 2, 4 ),
 ( 0.000000000000000000, 0.001138057899638556187, 0.001707086849457829835, 0.002276115799277103266, 0.002845144749096376914, 0.003414173698915650562, 0.004552231598554210869, 0.005690289498192771175, 0.006828347397831331482, 0.007966405297469890054, 0.009104463197108451228 ),
 .UNSPECIFIED. ) ;
#2318 = ORIENTED_EDGE ( 'NONE', *, *, #1171, .F. ) ;
#2319 = VERTEX_POINT ( 'NONE', #934 ) ;
#2320 = DIRECTION ( 'NONE',  ( -1.000000000000000000, 0.000000000000000000, 0.000000000000000000 ) ) ;
#2321 = SURFACE_STYLE_FILL_AREA ( #2586 ) ;
#2322 =( LENGTH_UNIT ( ) NAMED_UNIT ( * ) SI_UNIT ( .MILLI., .METRE. ) );
#2323 = ORIENTED_EDGE ( 'NONE', *, *, #2877, .F. ) ;
#2324 = CARTESIAN_POINT ( 'NONE',  ( -113.0000000000000000, 190.0000000000000000, -21.99999999999998579 ) ) ;
#2325 = DIRECTION ( 'NONE',  ( -1.000000000000000000, 0.000000000000000000, 1.360718665719281119E-17 ) ) ;
#2326 = CARTESIAN_POINT ( 'NONE',  ( -0.04664037055696983181, 191.9504023838124738, -25.97593584842675796 ) ) ;
#2327 = CARTESIAN_POINT ( 'NONE',  ( -81.00000000000001421, 205.0000000000000284, -22.50000000000000000 ) ) ;
#2328 = DIRECTION ( 'NONE',  ( 0.000000000000000000, 0.000000000000000000, -1.000000000000000000 ) ) ;
#2329 = EDGE_CURVE ( 'NONE', #1721, #1695, #1561, .T. ) ;
#2330 = AXIS2_PLACEMENT_3D ( 'NONE', #2872, #1082, #1144 ) ;
#2331 = DIRECTION ( 'NONE',  ( 0.000000000000000000, 0.000000000000000000, 1.000000000000000000 ) ) ;
#2332 = AXIS2_PLACEMENT_3D ( 'NONE', #2257, #1533, #310 ) ;
#2333 = VECTOR ( 'NONE', #2060, 1000.000000000000000 ) ;
#2334 = ORIENTED_EDGE ( 'NONE', *, *, #1851, .T. ) ;
#2335 = ORIENTED_EDGE ( 'NONE', *, *, #2035, .T. ) ;
#2336 = LINE ( 'NONE', #3103, #1704 ) ;
#2337 = VECTOR ( 'NONE', #503, 1000.000000000000000 ) ;
#2338 = DIRECTION ( 'NONE',  ( 0.000000000000000000, 0.000000000000000000, 1.000000000000000000 ) ) ;
#2339 =( NAMED_UNIT ( * ) PLANE_ANGLE_UNIT ( ) SI_UNIT ( $, .RADIAN. ) );
#2340 = ORIENTED_EDGE ( 'NONE', *, *, #1178, .F. ) ;
#2341 = CARTESIAN_POINT ( 'NONE',  ( 33.43389410084795088, 19.82786549983560676, -23.31434594739777921 ) ) ;
#2342 = CARTESIAN_POINT ( 'NONE',  ( 133.0000000000000000, 12.00000000000000000, -24.99999999999998579 ) ) ;
#2343 = ORIENTED_EDGE ( 'NONE', *, *, #2373, .F. ) ;
#2344 = FACE_OUTER_BOUND ( 'NONE', #247, .T. ) ;
#2345 = ADVANCED_FACE ( 'NONE', ( #1013 ), #333, .T. ) ;
#2346 = ADVANCED_FACE ( 'NONE', ( #2536 ), #2240, .F. ) ;
#2347 = FACE_OUTER_BOUND ( 'NONE', #347, .T. ) ;
#2348 = DIRECTION ( 'NONE',  ( 6.938893903907173946E-15, 0.000000000000000000, -1.000000000000000000 ) ) ;
#2349 = ADVANCED_FACE ( 'NONE', ( #774 ), #2045, .F. ) ;
#2350 = CIRCLE ( 'NONE', #2866, 2.000000000000001776 ) ;
#2351 = PLANE ( 'NONE',  #120 ) ;
#2352 = CARTESIAN_POINT ( 'NONE',  ( 20.00000000000000000, 12.00000000000000000, 0.000000000000000000 ) ) ;
#2353 = VERTEX_POINT ( 'NONE', #3038 ) ;
#2354 = ORIENTED_EDGE ( 'NONE', *, *, #1054, .F. ) ;
#2355 = DIRECTION ( 'NONE',  ( 0.000000000000000000, 0.000000000000000000, -1.000000000000000000 ) ) ;
#2356 = EDGE_CURVE ( 'NONE', #1592, #1609, #1304, .T. ) ;
#2357 = EDGE_CURVE ( 'NONE', #2465, #1899, #1029, .T. ) ;
#2358 = DIRECTION ( 'NONE',  ( 2.924248145218045884E-14, -1.000000000000000000, -1.239088197126290570E-16 ) ) ;
#2359 = DIRECTION ( 'NONE',  ( -1.000000000000000000, -4.625929269271485914E-16, 0.000000000000000000 ) ) ;
#2360 = LINE ( 'NONE', #2324, #1909 ) ;
#2361 = DIRECTION ( 'NONE',  ( 1.000000000000000000, 0.000000000000000000, 0.000000000000000000 ) ) ;
#2362 = AXIS2_PLACEMENT_3D ( 'NONE', #1539, #378, #1606 ) ;
#2363 = FACE_OUTER_BOUND ( 'NONE', #1299, .T. ) ;
#2364 = ORIENTED_EDGE ( 'NONE', *, *, #2886, .F. ) ;
#2365 = LINE ( 'NONE', #2117, #2517 ) ;
#2366 = CARTESIAN_POINT ( 'NONE',  ( -36.22374952795047420, 229.8363324526426084, -9.930593136808342436 ) ) ;
#2367 = CARTESIAN_POINT ( 'NONE',  ( -113.0000000000000000, 185.0000000000000000, -14.99999999999999645 ) ) ;
#2368 = DIRECTION ( 'NONE',  ( 0.000000000000000000, 1.000000000000000000, 0.000000000000000000 ) ) ;
#2369 = ORIENTED_EDGE ( 'NONE', *, *, #1445, .T. ) ;
#2370 = EDGE_LOOP ( 'NONE', ( #1765, #1748, #547, #2488, #1409, #2999 ) ) ;
#2371 = DIRECTION ( 'NONE',  ( 0.000000000000000000, -1.000000000000000000, 0.000000000000000000 ) ) ;
#2372 = CARTESIAN_POINT ( 'NONE',  ( -104.1055512754640091, 0.000000000000000000, -4.999999999999985789 ) ) ;
#2373 = EDGE_CURVE ( 'NONE', #2174, #2583, #806, .T. ) ;
#2374 = LINE ( 'NONE', #403, #1809 ) ;
#2375 = EDGE_CURVE ( 'NONE', #1556, #1845, #825, .T. ) ;
#2376 = FACE_OUTER_BOUND ( 'NONE', #1110, .T. ) ;
#2377 = DIRECTION ( 'NONE',  ( 0.000000000000000000, -0.000000000000000000, -1.000000000000000000 ) ) ;
#2378 = ORIENTED_EDGE ( 'NONE', *, *, #2062, .F. ) ;
#2379 = DIRECTION ( 'NONE',  ( -0.000000000000000000, -1.000000000000000000, -0.000000000000000000 ) ) ;
#2380 = EDGE_CURVE ( 'NONE', #3160, #381, #3057, .T. ) ;
#2381 = CARTESIAN_POINT ( 'NONE',  ( -29.96583465853434802, 228.8043564022103737, -14.58592548706173098 ) ) ;
#2382 = CARTESIAN_POINT ( 'NONE',  ( 60.00000000000000000, 230.0000000000000000, 3.469446951953614189E-15 ) ) ;
#2383 = ORIENTED_EDGE ( 'NONE', *, *, #1189, .T. ) ;
#2384 = ORIENTED_EDGE ( 'NONE', *, *, #402, .F. ) ;
#2385 = DIRECTION ( 'NONE',  ( -1.000000000000000000, 0.000000000000000000, 1.128275431529630729E-16 ) ) ;
#2386 = VECTOR ( 'NONE', #294, 1000.000000000000000 ) ;
#2387 = VERTEX_POINT ( 'NONE', #2026 ) ;
#2388 = AXIS2_PLACEMENT_3D ( 'NONE', #2973, #2777, #269 ) ;
#2389 = AXIS2_PLACEMENT_3D ( 'NONE', #2078, #3076, #842 ) ;
#2390 = FACE_OUTER_BOUND ( 'NONE', #2742, .T. ) ;
#2391 = DIRECTION ( 'NONE',  ( -0.000000000000000000, -0.000000000000000000, -1.000000000000000000 ) ) ;
#2392 = CARTESIAN_POINT ( 'NONE',  ( -40.00000000000000000, 190.0000000000000000, 3.469446951953614189E-15 ) ) ;
#2393 = DIRECTION ( 'NONE',  ( -1.000000000000000000, 0.000000000000000000, 1.128275431529629989E-16 ) ) ;
#2394 = EDGE_LOOP ( 'NONE', ( #1074, #2686, #1882, #2072, #3132, #1443, #913 ) ) ;
#2395 = LINE ( 'NONE', #2846, #3144 ) ;
#2396 = CARTESIAN_POINT ( 'NONE',  ( -22.70791794358575189, 226.0938952002851750, -19.81128714995614359 ) ) ;
#2397 = VECTOR ( 'NONE', #2939, 1000.000000000000000 ) ;
#2398 = CARTESIAN_POINT ( 'NONE',  ( -104.1055512754639949, 12.00000000000000000, -22.99999999999998579 ) ) ;
#2399 = ORIENTED_EDGE ( 'NONE', *, *, #1354, .T. ) ;
#2400 = ORIENTED_EDGE ( 'NONE', *, *, #501, .T. ) ;
#2401 = EDGE_CURVE ( 'NONE', #2998, #3167, #1993, .T. ) ;
#2402 = ORIENTED_EDGE ( 'NONE', *, *, #1391, .T. ) ;
#2403 = CARTESIAN_POINT ( 'NONE',  ( 37.33974596215565356, 14.99999999999998579, -26.99999999999999645 ) ) ;
#2404 = DIRECTION ( 'NONE',  ( 0.000000000000000000, 0.000000000000000000, -1.000000000000000000 ) ) ;
#2405 = LINE ( 'NONE', #662, #413 ) ;
#2406 = DIRECTION ( 'NONE',  ( -1.128275431529630729E-16, 0.000000000000000000, -1.000000000000000000 ) ) ;
#2407 = ORIENTED_EDGE ( 'NONE', *, *, #3053, .T. ) ;
#2408 = CARTESIAN_POINT ( 'NONE',  ( -111.0000000000000000, 12.00000000000000000, -2.999999999999986233 ) ) ;
#2409 = DIRECTION ( 'NONE',  ( 0.000000000000000000, -1.000000000000000000, 5.219322342512834972E-32 ) ) ;
#2410 = EDGE_CURVE ( 'NONE', #275, #1713, #1741, .T. ) ;
#2411 = ADVANCED_FACE ( 'NONE', ( #1495 ), #2522, .F. ) ;
#2412 = DIRECTION ( 'NONE',  ( 0.000000000000000000, 0.000000000000000000, 1.000000000000000000 ) ) ;
#2413 = ORIENTED_EDGE ( 'NONE', *, *, #818, .F. ) ;
#2414 = VERTEX_POINT ( 'NONE', #21 ) ;
#2415 = AXIS2_PLACEMENT_3D ( 'NONE', #1316, #835, #1106 ) ;
#2416 = ORIENTED_EDGE ( 'NONE', *, *, #682, .T. ) ;
#2417 = CARTESIAN_POINT ( 'NONE',  ( 33.33484625718104866, 20.03349261136032666, -14.33305124308942347 ) ) ;
#2418 = VECTOR ( 'NONE', #2627, 1000.000000000000000 ) ;
#2419 = LINE ( 'NONE', #2454, #1399 ) ;
#2420 = VECTOR ( 'NONE', #1167, 1000.000000000000000 ) ;
#2421 = CARTESIAN_POINT ( 'NONE',  ( -0.3502855218518410862, 16.26987407144294551, -26.83878998426532547 ) ) ;
#2422 = PLANE ( 'NONE',  #249 ) ;
#2423 = EDGE_LOOP ( 'NONE', ( #2703, #1675, #2573, #179, #2378, #573 ) ) ;
#2424 = DIRECTION ( 'NONE',  ( 1.000000000000000000, 0.000000000000000000, 0.000000000000000000 ) ) ;
#2425 =( LENGTH_UNIT ( ) NAMED_UNIT ( * ) SI_UNIT ( .MILLI., .METRE. ) );
#2426 = FACE_OUTER_BOUND ( 'NONE', #1109, .T. ) ;
#2427 = PLANE ( 'NONE',  #3145 ) ;
#2428 = ORIENTED_EDGE ( 'NONE', *, *, #953, .T. ) ;
#2429 = ORIENTED_EDGE ( 'NONE', *, *, #1762, .T. ) ;
#2430 = EDGE_CURVE ( 'NONE', #3003, #2689, #1046, .T. ) ;
#2431 = ORIENTED_EDGE ( 'NONE', *, *, #60, .T. ) ;
#2432 = CARTESIAN_POINT ( 'NONE',  ( 33.69405259991795276, 19.32345940289748754, -24.51819155982887821 ) ) ;
#2433 = AXIS2_PLACEMENT_3D ( 'NONE', #1645, #2588, #2080 ) ;
#2434 = CARTESIAN_POINT ( 'NONE',  ( 133.0000000000000000, 0.000000000000000000, 1.383850883036509067E-14 ) ) ;
#2435 = CARTESIAN_POINT ( 'NONE',  ( -0.2936388357580153041, 16.58174778869458876, -26.74600280258125906 ) ) ;
#2436 = VECTOR ( 'NONE', #1370, 1000.000000000000000 ) ;
#2437 = LINE ( 'NONE', #2188, #356 ) ;
#2438 = ORIENTED_EDGE ( 'NONE', *, *, #944, .T. ) ;
#2439 = AXIS2_PLACEMENT_3D ( 'NONE', #1415, #2170, #3165 ) ;
#2440 = LINE ( 'NONE', #438, #2314 ) ;
#2441 = CARTESIAN_POINT ( 'NONE',  ( 116.0000000000000000, 203.0000000000000568, -22.50000000000000000 ) ) ;
#2442 = VERTEX_POINT ( 'NONE', #2761 ) ;
#2443 = EDGE_CURVE ( 'NONE', #1695, #2616, #789, .T. ) ;
#2444 = DIRECTION ( 'NONE',  ( -1.541976423090495633E-16, 0.000000000000000000, 1.000000000000000000 ) ) ;
#2445 = CYLINDRICAL_SURFACE ( 'NONE', #233, 2.000000000000001776 ) ;
#2446 = ORIENTED_EDGE ( 'NONE', *, *, #1547, .F. ) ;
#2447 = VERTEX_POINT ( 'NONE', #1779 ) ;
#2448 = ORIENTED_EDGE ( 'NONE', *, *, #3182, .F. ) ;
#2449 = AXIS2_PLACEMENT_3D ( 'NONE', #2185, #1266, #1943 ) ;
#2450 = ADVANCED_FACE ( 'NONE', ( #2776 ), #549, .F. ) ;
#2451 = EDGE_CURVE ( 'NONE', #2468, #1459, #306, .T. ) ;
#2452 = CARTESIAN_POINT ( 'NONE',  ( 32.09528433631012945, 24.33741630989404214, -10.03327808792315778 ) ) ;
#2453 = ADVANCED_FACE ( 'NONE', ( #2552 ), #1322, .F. ) ;
#2454 = CARTESIAN_POINT ( 'NONE',  ( 133.0000000000000000, 12.00000000000000000, -4.999999999999985789 ) ) ;
#2455 = CARTESIAN_POINT ( 'NONE',  ( -102.9961508830135273, 12.00000000000000000, -24.66410058867567301 ) ) ;
#2456 = DIRECTION ( 'NONE',  ( 1.000000000000000000, 0.000000000000000000, 1.128275431529630729E-16 ) ) ;
#2457 = ORIENTED_EDGE ( 'NONE', *, *, #136, .F. ) ;
#2458 = DIRECTION ( 'NONE',  ( -1.000000000000000000, 0.000000000000000000, 0.000000000000000000 ) ) ;
#2459 = MANIFOLD_SOLID_BREP ( '\X2\52079664\X0\-\X2\62c94f38\X0\7[2]', #595 ) ;
#2460 = CARTESIAN_POINT ( 'NONE',  ( 1.387778780781445676E-14, 218.0000000000000000, -27.00000000000000000 ) ) ;
#2461 = ORIENTED_EDGE ( 'NONE', *, *, #2513, .T. ) ;
#2462 = PLANE ( 'NONE',  #1599 ) ;
#2463 = CARTESIAN_POINT ( 'NONE',  ( 133.0000000000000000, 12.00000000000000000, -26.99999999999998579 ) ) ;
#2464 = VERTEX_POINT ( 'NONE', #699 ) ;
#2465 = VERTEX_POINT ( 'NONE', #1213 ) ;
#2466 = PRODUCT ( '\X2\62a4680f\X0\', '\X2\62a4680f\X0\', '', ( #1597 ) ) ;
#2467 = CIRCLE ( 'NONE', #2415, 2.000000000000000000 ) ;
#2468 = VERTEX_POINT ( 'NONE', #3218 ) ;
#2469 = DIRECTION ( 'NONE',  ( -1.000000000000000000, 0.000000000000000000, 1.486905836551548832E-16 ) ) ;
#2470 = EDGE_CURVE ( 'NONE', #1155, #2630, #255, .T. ) ;
#2471 = CARTESIAN_POINT ( 'NONE',  ( 1.199999999375176521E-05, 185.0000000000000000, -9.999999999999998224 ) ) ;
#2472 = LINE ( 'NONE', #3214, #3213 ) ;
#2473 = EDGE_LOOP ( 'NONE', ( #1306, #229, #1023, #2863 ) ) ;
#2474 = EDGE_CURVE ( 'NONE', #767, #1339, #1934, .T. ) ;
#2475 = CIRCLE ( 'NONE', #1842, 4.999999999999999112 ) ;
#2476 = DIRECTION ( 'NONE',  ( -1.000000000000000000, 0.000000000000000000, 1.360718665719281119E-17 ) ) ;
#2477 = VECTOR ( 'NONE', #607, 1000.000000000000000 ) ;
#2478 = FACE_OUTER_BOUND ( 'NONE', #707, .T. ) ;
#2479 = CARTESIAN_POINT ( 'NONE',  ( -103.5000000000000142, 12.00000000000000000, -24.99999999999998579 ) ) ;
#2480 = CARTESIAN_POINT ( 'NONE',  ( 20.00000000000000000, 19.99999999999998579, -15.00000000000001776 ) ) ;
#2481 = ORIENTED_EDGE ( 'NONE', *, *, #914, .T. ) ;
#2482 = FACE_OUTER_BOUND ( 'NONE', #766, .T. ) ;
#2483 = ORIENTED_EDGE ( 'NONE', *, *, #1789, .T. ) ;
#2484 = CARTESIAN_POINT ( 'NONE',  ( 130.0000000000000000, 218.0000000000000000, 1.387778780781445676E-14 ) ) ;
#2485 = EDGE_CURVE ( 'NONE', #1201, #610, #487, .T. ) ;
#2486 = CARTESIAN_POINT ( 'NONE',  ( -40.00000000000000000, 230.0000000000000000, 3.469446951953614189E-15 ) ) ;
#2487 = DIRECTION ( 'NONE',  ( 0.000000000000000000, -1.000000000000000000, -0.000000000000000000 ) ) ;
#2488 = ORIENTED_EDGE ( 'NONE', *, *, #1959, .F. ) ;
#2489 = DIRECTION ( 'NONE',  ( 0.000000000000000000, 0.000000000000000000, -1.000000000000000000 ) ) ;
#2490 = VECTOR ( 'NONE', #2565, 1000.000000000000000 ) ;
#2491 = AXIS2_PLACEMENT_3D ( 'NONE', #1128, #858, #390 ) ;
#2492 = CARTESIAN_POINT ( 'NONE',  ( -100.5000000000000000, 12.00000000000000000, -4.999999999999985789 ) ) ;
#2493 = ORIENTED_EDGE ( 'NONE', *, *, #160, .F. ) ;
#2494 = VECTOR ( 'NONE', #1146, 1000.000000000000000 ) ;
#2495 = DIRECTION ( 'NONE',  ( -1.000000000000000000, 0.000000000000000000, 1.128275431529629989E-16 ) ) ;
#2496 = VECTOR ( 'NONE', #2989, 1000.000000000000000 ) ;
#2497 = AXIS2_PLACEMENT_3D ( 'NONE', #191, #1919, #455 ) ;
#2498 = LINE ( 'NONE', #475, #341 ) ;
#2499 = VERTEX_POINT ( 'NONE', #1715 ) ;
#2500 = EDGE_LOOP ( 'NONE', ( #311, #2798, #2142, #495, #1781 ) ) ;
#2501 = VECTOR ( 'NONE', #1879, 1000.000000000000000 ) ;
#2502 = VERTEX_POINT ( 'NONE', #2441 ) ;
#2503 = CARTESIAN_POINT ( 'NONE',  ( 20.00000000000000000, 0.000000000000000000, 0.000000000000000000 ) ) ;
#2504 = VECTOR ( 'NONE', #1332, 1000.000000000000000 ) ;
#2505 = CARTESIAN_POINT ( 'NONE',  ( -113.0000000000000000, 12.00000000000000000, -4.999999999999985789 ) ) ;
#2506 = DIRECTION ( 'NONE',  ( -1.000000000000000000, 0.000000000000000000, 8.673617379884033007E-17 ) ) ;
#2507 = ORIENTED_EDGE ( 'NONE', *, *, #1010, .T. ) ;
#2508 = CARTESIAN_POINT ( 'NONE',  ( -26.00000000000002487, 12.00000000000000000, -26.99999999999999645 ) ) ;
#2509 = CARTESIAN_POINT ( 'NONE',  ( -100.5000000000000000, 12.00000000000000000, -24.99999999999998579 ) ) ;
#2510 = CARTESIAN_POINT ( 'NONE',  ( -0.2723991176923263868, 194.6719436405510919, -26.99999999999999645 ) ) ;
#2511 = CARTESIAN_POINT ( 'NONE',  ( 117.0000000000000000, 205.0000000000000568, -22.50000000000000000 ) ) ;
#2512 = CARTESIAN_POINT ( 'NONE',  ( 133.0000000000000000, 12.00000000000000000, -4.999999999999985789 ) ) ;
#2513 = EDGE_CURVE ( 'NONE', #3003, #3141, #1546, .T. ) ;
#2514 = ORIENTED_EDGE ( 'NONE', *, *, #230, .T. ) ;
#2515 = ORIENTED_EDGE ( 'NONE', *, *, #40, .T. ) ;
#2516 = EDGE_CURVE ( 'NONE', #1643, #2003, #2718, .T. ) ;
#2517 = VECTOR ( 'NONE', #3152, 1000.000000000000000 ) ;
#2518 = PRESENTATION_STYLE_ASSIGNMENT (( #2757 ) ) ;
#2519 = ORIENTED_EDGE ( 'NONE', *, *, #1591, .F. ) ;
#2520 = ADVANCED_FACE ( 'NONE', ( #2944 ), #224, .T. ) ;
#2521 = LINE ( 'NONE', #2301, #770 ) ;
#2522 = CYLINDRICAL_SURFACE ( 'NONE', #1343, 2.000000000000000000 ) ;
#2523 = CARTESIAN_POINT ( 'NONE',  ( -40.00000000000000000, 230.0000000000000000, 3.469446951953614189E-15 ) ) ;
#2524 = EDGE_LOOP ( 'NONE', ( #2601, #1818, #3187, #1142 ) ) ;
#2525 = LINE ( 'NONE', #777, #2991 ) ;
#2526 = CARTESIAN_POINT ( 'NONE',  ( 2.466673676812124960E-16, 14.99999999999998579, -22.00000000000000000 ) ) ;
#2527 = CARTESIAN_POINT ( 'NONE',  ( -96.00000000000000000, 218.0000000000000568, -22.50000000000000000 ) ) ;
#2528 = CARTESIAN_POINT ( 'NONE',  ( -12.24447743483016637, 23.37693904848223170, -10.25951945636068530 ) ) ;
#2529 = VECTOR ( 'NONE', #2878, 1000.000000000000000 ) ;
#2530 = CARTESIAN_POINT ( 'NONE',  ( -12.00000000000000178, 190.0000000000000000, -22.00000000000000000 ) ) ;
#2531 = EDGE_LOOP ( 'NONE', ( #1574, #961, #364, #951 ) ) ;
#2532 = DIRECTION ( 'NONE',  ( 1.000000000000000000, 0.000000000000000000, 0.000000000000000000 ) ) ;
#2533 = CARTESIAN_POINT ( 'NONE',  ( -13.35088935932651033, 19.99999999999998579, -15.00000000000001776 ) ) ;
#2534 = VERTEX_POINT ( 'NONE', #1467 ) ;
#2535 = DIRECTION ( 'NONE',  ( -0.000000000000000000, -0.000000000000000000, 1.000000000000000000 ) ) ;
#2536 = FACE_OUTER_BOUND ( 'NONE', #3067, .T. ) ;
#2537 = CARTESIAN_POINT ( 'NONE',  ( -96.00000000000000000, 218.0000000000000568, -22.50000000000000000 ) ) ;
#2538 = EDGE_LOOP ( 'NONE', ( #1464, #1310, #2694, #1260 ) ) ;
#2539 = CARTESIAN_POINT ( 'NONE',  ( 20.00000000000000000, 12.00000000000000000, 0.000000000000000000 ) ) ;
#2540 = CYLINDRICAL_SURFACE ( 'NONE', #1386, 2.000000000000001776 ) ;
#2541 = ORIENTED_EDGE ( 'NONE', *, *, #342, .T. ) ;
#2542 = CARTESIAN_POINT ( 'NONE',  ( -12.00437033039402834, 190.5103949300518309, -24.22487773825633894 ) ) ;
#2543 = VECTOR ( 'NONE', #2874, 1000.000000000000000 ) ;
#2544 = ADVANCED_FACE ( 'NONE', ( #2478 ), #2211, .F. ) ;
#2545 = CARTESIAN_POINT ( 'NONE',  ( 20.00083585569717570, 190.2629480209143935, -23.60851707050212767 ) ) ;
#2546 = ORIENTED_EDGE ( 'NONE', *, *, #271, .F. ) ;
#2547 = CARTESIAN_POINT ( 'NONE',  ( 40.00000000000002132, 0.000000000000000000, 1.734723475976807094E-14 ) ) ;
#2548 = AXIS2_PLACEMENT_3D ( 'NONE', #1159, #904, #2377 ) ;
#2549 = CARTESIAN_POINT ( 'NONE',  ( -100.5000000000000000, 12.00000000000000000, -4.999999999999985789 ) ) ;
#2550 = ORIENTED_EDGE ( 'NONE', *, *, #1384, .F. ) ;
#2551 = CARTESIAN_POINT ( 'NONE',  ( -104.1055512754639949, 12.00000000000000000, -24.99999999999998579 ) ) ;
#2552 = FACE_OUTER_BOUND ( 'NONE', #866, .T. ) ;
#2553 = VERTEX_POINT ( 'NONE', #1682 ) ;
#2554 = EDGE_CURVE ( 'NONE', #2296, #2353, #2932, .T. ) ;
#2555 = ADVANCED_FACE ( 'NONE', ( #1670 ), #2688, .F. ) ;
#2556 = DIRECTION ( 'NONE',  ( -0.000000000000000000, -1.000000000000000000, -0.000000000000000000 ) ) ;
#2557 = EDGE_CURVE ( 'NONE', #1358, #1777, #2976, .T. ) ;
#2558 = PLANE ( 'NONE',  #44 ) ;
#2559 = CARTESIAN_POINT ( 'NONE',  ( 6.910209486079291111E-15, 190.0000000000000284, -22.33065838937269021 ) ) ;
#2560 = DIRECTION ( 'NONE',  ( -1.000000000000000000, 0.000000000000000000, 1.228122814850836818E-16 ) ) ;
#2561 = ORIENTED_EDGE ( 'NONE', *, *, #2485, .F. ) ;
#2562 = CARTESIAN_POINT ( 'NONE',  ( -111.0000000000000000, 0.000000000000000000, -24.99999999999998579 ) ) ;
#2563 = DIRECTION ( 'NONE',  ( -0.000000000000000000, 1.000000000000000000, -0.000000000000000000 ) ) ;
#2564 = ORIENTED_EDGE ( 'NONE', *, *, #850, .T. ) ;
#2565 = DIRECTION ( 'NONE',  ( -0.000000000000000000, -1.000000000000000000, -0.000000000000000000 ) ) ;
#2566 = DIRECTION ( 'NONE',  ( 0.000000000000000000, 0.000000000000000000, 1.000000000000000000 ) ) ;
#2567 = CARTESIAN_POINT ( 'NONE',  ( -104.1055512754640091, 12.00000000000000000, -4.999999999999985789 ) ) ;
#2568 = VERTEX_POINT ( 'NONE', #439 ) ;
#2569 = CARTESIAN_POINT ( 'NONE',  ( 20.38068410593085389, 16.11305347523499165, -26.87718192290136798 ) ) ;
#2570 = LINE ( 'NONE', #1631, #2436 ) ;
#2571 = ORIENTED_EDGE ( 'NONE', *, *, #719, .T. ) ;
#2572 = CARTESIAN_POINT ( 'NONE',  ( -0.003022074525268632871, 190.5075082915648181, -24.21926339536356920 ) ) ;
#2573 = ORIENTED_EDGE ( 'NONE', *, *, #2309, .F. ) ;
#2574 = AXIS2_PLACEMENT_3D ( 'NONE', #1838, #2807, #590 ) ;
#2575 = ADVANCED_FACE ( 'NONE', ( #1948 ), #210, .T. ) ;
#2576 = CARTESIAN_POINT ( 'NONE',  ( 60.00000000000000000, 230.0000000000000000, 3.469446951953614189E-15 ) ) ;
#2577 = ORIENTED_EDGE ( 'NONE', *, *, #3126, .F. ) ;
#2578 = CYLINDRICAL_SURFACE ( 'NONE', #1572, 2.000000000000001776 ) ;
#2579 = AXIS2_PLACEMENT_3D ( 'NONE', #938, #1681, #698 ) ;
#2580 = AXIS2_PLACEMENT_3D ( 'NONE', #1839, #609, #300 ) ;
#2581 = CARTESIAN_POINT ( 'NONE',  ( -26.00000000000002132, 12.00000000000000000, 3.184081677783121346E-15 ) ) ;
#2582 = ORIENTED_EDGE ( 'NONE', *, *, #302, .F. ) ;
#2583 = VERTEX_POINT ( 'NONE', #939 ) ;
#2584 = FACE_OUTER_BOUND ( 'NONE', #2473, .T. ) ;
#2585 = CARTESIAN_POINT ( 'NONE',  ( -13.33484625718104688, 20.03349261136032666, -14.33305124308942347 ) ) ;
#2586 = FILL_AREA_STYLE ('',( #88 ) ) ;
#2587 = ORIENTED_EDGE ( 'NONE', *, *, #1152, .T. ) ;
#2588 = DIRECTION ( 'NONE',  ( 0.000000000000000000, 0.000000000000000000, 1.000000000000000000 ) ) ;
#2589 = CYLINDRICAL_SURFACE ( 'NONE', #2021, 5.000000000000000888 ) ;
#2590 = CARTESIAN_POINT ( 'NONE',  ( -96.00000000000000000, 203.0000000000000568, -4.499999999999985789 ) ) ;
#2591 = DIRECTION ( 'NONE',  ( 0.000000000000000000, -1.000000000000000000, 0.000000000000000000 ) ) ;
#2592 = CARTESIAN_POINT ( 'NONE',  ( 20.01844680136795418, 191.2364565244083678, -25.30790870241339974 ) ) ;
#2593 = ORIENTED_EDGE ( 'NONE', *, *, #654, .F. ) ;
#2594 = LINE ( 'NONE', #66, #2308 ) ;
#2595 = ADVANCED_FACE ( 'NONE', ( #2191 ), #3186, .T. ) ;
#2596 = EDGE_CURVE ( 'NONE', #2442, #1436, #1067, .T. ) ;
#2597 = VECTOR ( 'NONE', #2201, 1000.000000000000000 ) ;
#2598 = CARTESIAN_POINT ( 'NONE',  ( 60.00000000000000000, 190.0000000000000000, 3.469446951953614189E-15 ) ) ;
#2599 = AXIS2_PLACEMENT_3D ( 'NONE', #1602, #2684, #1678 ) ;
#2600 = EDGE_LOOP ( 'NONE', ( #262, #921, #1169, #2515 ) ) ;
#2601 = ORIENTED_EDGE ( 'NONE', *, *, #207, .F. ) ;
#2602 = CARTESIAN_POINT ( 'NONE',  ( 6.938893903907228378E-15, 190.0000000000000000, -1.043654774164909712E-15 ) ) ;
#2603 = LINE ( 'NONE', #3104, #2196 ) ;
#2604 = PLANE ( 'NONE',  #1491 ) ;
#2605 = CARTESIAN_POINT ( 'NONE',  ( 20.00130039062921128, 19.73922295993631693, -23.62699970680192507 ) ) ;
#2606 = CARTESIAN_POINT ( 'NONE',  ( 20.00000000000000000, 14.99999999999998579, -22.00000000000000000 ) ) ;
#2607 = CARTESIAN_POINT ( 'NONE',  ( 39.16441763905150708, 224.1517662450359012, -22.24112200318111832 ) ) ;
#2608 = ORIENTED_EDGE ( 'NONE', *, *, #177, .F. ) ;
#2609 = DIRECTION ( 'NONE',  ( 0.000000000000000000, -1.000000000000000000, 5.219322342512834972E-32 ) ) ;
#2610 = CARTESIAN_POINT ( 'NONE',  ( -113.0000000000000000, 0.000000000000000000, -4.999999999999985789 ) ) ;
#2611 = AXIS2_PLACEMENT_3D ( 'NONE', #2598, #2773, #591 ) ;
#2612 = VERTEX_POINT ( 'NONE', #13 ) ;
#2613 = FACE_OUTER_BOUND ( 'NONE', #3032, .T. ) ;
#2614 = ADVANCED_FACE ( 'NONE', ( #1516 ), #1050, .T. ) ;
#2615 = CARTESIAN_POINT ( 'NONE',  ( 120.5000000000000284, 12.00000000000000000, -7.000000000000001776 ) ) ;
#2616 = VERTEX_POINT ( 'NONE', #568 ) ;
#2617 = EDGE_LOOP ( 'NONE', ( #2483, #172, #1875, #2384 ) ) ;
#2618 = EDGE_CURVE ( 'NONE', #812, #254, #1243, .T. ) ;
#2619 = LINE ( 'NONE', #2602, #1555 ) ;
#2620 = CARTESIAN_POINT ( 'NONE',  ( -13.22815636784044813, 20.26424039832860657, -13.36339043316799469 ) ) ;
#2621 = EDGE_CURVE ( 'NONE', #1358, #18, #3042, .T. ) ;
#2622 = CARTESIAN_POINT ( 'NONE',  ( -14.56623649292659195, 17.91485585904449707, -26.07671306341085682 ) ) ;
#2623 = DIRECTION ( 'NONE',  ( -1.000000000000000000, 0.000000000000000000, 0.000000000000000000 ) ) ;
#2624 = VECTOR ( 'NONE', #3027, 1000.000000000000000 ) ;
#2625 = CARTESIAN_POINT ( 'NONE',  ( -84.00000000000000000, 218.0000000000000284, -22.50000000000000000 ) ) ;
#2626 = EDGE_LOOP ( 'NONE', ( #1187, #2786, #2023, #1743 ) ) ;
#2627 = DIRECTION ( 'NONE',  ( 1.000000000000000000, 0.000000000000000000, 0.000000000000000000 ) ) ;
#2628 = DIRECTION ( 'NONE',  ( -4.625929269271485914E-16, 1.000000000000000000, -5.219322342512834972E-32 ) ) ;
#2629 = DIRECTION ( 'NONE',  ( 1.360718665719281119E-17, -1.224510688924804848E-16, 1.000000000000000000 ) ) ;
#2630 = VERTEX_POINT ( 'NONE', #1309 ) ;
#2631 = CIRCLE ( 'NONE', #231, 2.000000000000000000 ) ;
#2632 = LINE ( 'NONE', #3115, #3111 ) ;
#2633 = VECTOR ( 'NONE', #815, 1000.000000000000000 ) ;
#2634 = EDGE_LOOP ( 'NONE', ( #1284, #326, #885, #1774 ) ) ;
#2635 = CARTESIAN_POINT ( 'NONE',  ( 19.99992074218757310, 19.96720558918118726, -22.66053049899441518 ) ) ;
#2636 = LINE ( 'NONE', #2342, #834 ) ;
#2637 = CARTESIAN_POINT ( 'NONE',  ( -100.5000000000000000, 0.000000000000000000, -22.99999999999999645 ) ) ;
#2638 = LINE ( 'NONE', #891, #827 ) ;
#2639 = ORIENTED_EDGE ( 'NONE', *, *, #2310, .T. ) ;
#2640 = LINE ( 'NONE', #1149, #2418 ) ;
#2641 = LINE ( 'NONE', #1671, #2803 ) ;
#2642 = ADVANCED_FACE ( 'NONE', ( #2797 ), #2306, .F. ) ;
#2643 = CARTESIAN_POINT ( 'NONE',  ( -102.9961508830135273, 0.000000000000000000, -24.66410058867567301 ) ) ;
#2644 = ORIENTED_EDGE ( 'NONE', *, *, #2401, .T. ) ;
#2645 = VERTEX_POINT ( 'NONE', #553 ) ;
#2646 = ORIENTED_EDGE ( 'NONE', *, *, #76, .T. ) ;
#2647 = VECTOR ( 'NONE', #2775, 1000.000000000000000 ) ;
#2648 = FACE_OUTER_BOUND ( 'NONE', #2149, .T. ) ;
#2649 = AXIS2_PLACEMENT_3D ( 'NONE', #1105, #2133, #1605 ) ;
#2650 = ORIENTED_EDGE ( 'NONE', *, *, #2682, .T. ) ;
#2651 = VECTOR ( 'NONE', #1272, 1000.000000000000000 ) ;
#2652 = B_SPLINE_CURVE_WITH_KNOTS ( 'NONE', 3,
 ( #2480, #15, #1692, #3190 ),
 .UNSPECIFIED., .F., .F.,
 ( 4, 4 ),
 ( 0.5555555555555563574, 0.8148148148148148806 ),
 .UNSPECIFIED. ) ;
#2653 = CARTESIAN_POINT ( 'NONE',  ( 104.0000000000000284, 203.0000000000000000, -22.50000000000000000 ) ) ;
#2654 = DIRECTION ( 'NONE',  ( -1.000000000000000000, 0.000000000000000000, 0.000000000000000000 ) ) ;
#2655 = ADVANCED_FACE ( 'NONE', ( #830 ), #2558, .F. ) ;
#2656 = CARTESIAN_POINT ( 'NONE',  ( 42.70791794358574833, 226.0938952002852318, -19.81128714995614004 ) ) ;
#2657 = CARTESIAN_POINT ( 'NONE',  ( 20.00000000000000000, 19.99999999999998579, -15.00000000000001776 ) ) ;
#2658 = ORIENTED_EDGE ( 'NONE', *, *, #3125, .F. ) ;
#2659 = EDGE_CURVE ( 'NONE', #812, #2414, #2274, .T. ) ;
#2660 = AXIS2_PLACEMENT_3D ( 'NONE', #156, #452, #1898 ) ;
#2661 = DIRECTION ( 'NONE',  ( -0.000000000000000000, 1.000000000000000000, -0.000000000000000000 ) ) ;
#2662 = DIRECTION ( 'NONE',  ( -1.128275431529630729E-16, 0.000000000000000000, -1.000000000000000000 ) ) ;
#2663 = AXIS2_PLACEMENT_3D ( 'NONE', #948, #465, #186 ) ;
#2664 = LINE ( 'NONE', #129, #706 ) ;
#2665 = ORIENTED_EDGE ( 'NONE', *, *, #1072, .T. ) ;
#2666 = ORIENTED_EDGE ( 'NONE', *, *, #740, .F. ) ;
#2667 = ORIENTED_EDGE ( 'NONE', *, *, #2451, .F. ) ;
#2668 = CARTESIAN_POINT ( 'NONE',  ( 34.56623649292659906, 17.91485585904449351, -26.07671306341087103 ) ) ;
#2669 = CARTESIAN_POINT ( 'NONE',  ( -13.35088935932650323, 24.99999999999998579, -10.00000000000001776 ) ) ;
#2670 = CARTESIAN_POINT ( 'NONE',  ( 131.0000000000000000, 12.00000000000000000, -24.99999999999998579 ) ) ;
#2671 = DIRECTION ( 'NONE',  ( 0.000000000000000000, 1.000000000000000000, -5.219322342512834972E-32 ) ) ;
#2672 = ORIENTED_EDGE ( 'NONE', *, *, #2373, .T. ) ;
#2673 = FACE_OUTER_BOUND ( 'NONE', #564, .T. ) ;
#2674 = DIRECTION ( 'NONE',  ( 1.000000000000000000, 0.000000000000000000, 1.734723475976806108E-16 ) ) ;
#2675 = DIRECTION ( 'NONE',  ( -0.000000000000000000, 1.000000000000000000, -0.000000000000000000 ) ) ;
#2676 = PLANE ( 'NONE',  #1688 ) ;
#2677 = ORIENTED_EDGE ( 'NONE', *, *, #2474, .T. ) ;
#2678 = ORIENTED_EDGE ( 'NONE', *, *, #2978, .F. ) ;
#2679 = VERTEX_POINT ( 'NONE', #61 ) ;
#2680 = CARTESIAN_POINT ( 'NONE',  ( -3.673940397442059375E-16, 19.99999999999998579, -27.00000000000000000 ) ) ;
#2681 = VECTOR ( 'NONE', #1819, 1000.000000000000000 ) ;
#2682 = EDGE_CURVE ( 'NONE', #2442, #1186, #2746, .T. ) ;
#2683 = VECTOR ( 'NONE', #557, 1000.000000000000000 ) ;
#2684 = DIRECTION ( 'NONE',  ( 0.000000000000000000, -1.000000000000000000, 0.000000000000000000 ) ) ;
#2685 = PLANE ( 'NONE',  #2071 ) ;
#2686 = ORIENTED_EDGE ( 'NONE', *, *, #2948, .F. ) ;
#2687 = FACE_OUTER_BOUND ( 'NONE', #516, .T. ) ;
#2688 = PLANE ( 'NONE',  #361 ) ;
#2689 = VERTEX_POINT ( 'NONE', #274 ) ;
#2690 = LINE ( 'NONE', #457, #2283 ) ;
#2691 = FACE_OUTER_BOUND ( 'NONE', #2255, .T. ) ;
#2692 = EDGE_CURVE ( 'NONE', #554, #1339, #2081, .T. ) ;
#2693 = ORIENTED_EDGE ( 'NONE', *, *, #3125, .T. ) ;
#2694 = ORIENTED_EDGE ( 'NONE', *, *, #2232, .F. ) ;
#2695 = ADVANCED_FACE ( 'NONE', ( #26 ), #2540, .F. ) ;
#2696 = ORIENTED_EDGE ( 'NONE', *, *, #181, .T. ) ;
#2697 = LINE ( 'NONE', #203, #510 ) ;
#2698 = VECTOR ( 'NONE', #888, 1000.000000000000000 ) ;
#2699 = PLANE ( 'NONE',  #2663 ) ;
#2700 = LINE ( 'NONE', #187, #2903 ) ;
#2701 = CIRCLE ( 'NONE', #1655, 2.000000000000001776 ) ;
#2702 = DIRECTION ( 'NONE',  ( 1.000000000000000000, -0.000000000000000000, -1.128275431529630729E-16 ) ) ;
#2703 = ORIENTED_EDGE ( 'NONE', *, *, #2311, .T. ) ;
#2704 = AXIS2_PLACEMENT_3D ( 'NONE', #2276, #2083, #1068 ) ;
#2705 = DIRECTION ( 'NONE',  ( -1.128275431529630729E-16, 0.000000000000000000, -1.000000000000000000 ) ) ;
#2706 = CARTESIAN_POINT ( 'NONE',  ( 32.06767710677783612, 191.9647029532026465, -25.98670872908101970 ) ) ;
#2707 = CARTESIAN_POINT ( 'NONE',  ( 133.0000000000000000, 185.0000000000000000, -14.99999999999999645 ) ) ;
#2708 = EDGE_LOOP ( 'NONE', ( #3192, #2977, #2869, #1428 ) ) ;
#2709 = DIRECTION ( 'NONE',  ( -0.000000000000000000, 1.000000000000000000, -0.000000000000000000 ) ) ;
#2710 = EDGE_CURVE ( 'NONE', #2468, #3077, #2048, .T. ) ;
#2711 = ADVANCED_FACE ( 'NONE', ( #257 ), #2244, .T. ) ;
#2712 = ORIENTED_EDGE ( 'NONE', *, *, #1113, .F. ) ;
#2713 = CARTESIAN_POINT ( 'NONE',  ( 33.11790238941787834, 20.51634345313874519, -12.76332079884999082 ) ) ;
#2714 = DIRECTION ( 'NONE',  ( 1.000000000000000000, -0.000000000000000000, -0.000000000000000000 ) ) ;
#2715 = FACE_OUTER_BOUND ( 'NONE', #963, .T. ) ;
#2716 = ORIENTED_EDGE ( 'NONE', *, *, #2357, .T. ) ;
#2717 = CARTESIAN_POINT ( 'NONE',  ( 133.0000000000000000, 0.000000000000000000, -2.999999999999986233 ) ) ;
#2718 = LINE ( 'NONE', #1419, #148 ) ;
#2719 = DIRECTION ( 'NONE',  ( 0.000000000000000000, -1.000000000000000000, 0.000000000000000000 ) ) ;
#2720 = DIRECTION ( 'NONE',  ( -1.000000000000000000, 0.000000000000000000, 0.000000000000000000 ) ) ;
#2721 = ORIENTED_EDGE ( 'NONE', *, *, #1644, .T. ) ;
#2722 = ORIENTED_EDGE ( 'NONE', *, *, #2848, .F. ) ;
#2723 = VECTOR ( 'NONE', #1571, 1000.000000000000000 ) ;
#2724 = EDGE_LOOP ( 'NONE', ( #3055, #1526, #1139, #1500 ) ) ;
#2725 = CARTESIAN_POINT ( 'NONE',  ( 32.37313456745653184, 22.77457161300621280, -10.51068478146979324 ) ) ;
#2726 = EDGE_CURVE ( 'NONE', #2568, #2096, #2014, .T. ) ;
#2727 = CARTESIAN_POINT ( 'NONE',  ( -0.07239874829310770366, 18.28383099187585970, -25.78467558222933320 ) ) ;
#2728 = PLANE ( 'NONE',  #2902 ) ;
#2729 = ORIENTED_EDGE ( 'NONE', *, *, #709, .F. ) ;
#2730 = AXIS2_PLACEMENT_3D ( 'NONE', #1883, #1868, #2609 ) ;
#2731 = CARTESIAN_POINT ( 'NONE',  ( 104.0000000000000142, 218.0000000000000284, -4.499999999999984901 ) ) ;
#2732 = VECTOR ( 'NONE', #2768, 1000.000000000000000 ) ;
#2733 = DIRECTION ( 'NONE',  ( -0.000000000000000000, 1.000000000000000000, -0.000000000000000000 ) ) ;
#2734 = DIRECTION ( 'NONE',  ( 0.000000000000000000, 0.000000000000000000, -1.000000000000000000 ) ) ;
#2735 = CARTESIAN_POINT ( 'NONE',  ( -99.00000000000000000, 218.0000000000000568, -4.499999999999985789 ) ) ;
#2736 = VERTEX_POINT ( 'NONE', #3007 ) ;
#2737 = LINE ( 'NONE', #83, #490 ) ;
#2738 = ORIENTED_EDGE ( 'NONE', *, *, #946, .F. ) ;
#2739 = DIRECTION ( 'NONE',  ( 2.891205793294676354E-16, 8.155191160176291097E-32, -1.000000000000000000 ) ) ;
#2740 = DIRECTION ( 'NONE',  ( 0.000000000000000000, 0.000000000000000000, -1.000000000000000000 ) ) ;
#2741 = CARTESIAN_POINT ( 'NONE',  ( -81.00000000000000000, 218.0000000000000000, -4.499999999999985789 ) ) ;
#2742 = EDGE_LOOP ( 'NONE', ( #1119, #1365, #1753, #2587 ) ) ;
#2743 = CARTESIAN_POINT ( 'NONE',  ( 20.07239874829310367, 18.28383099187586325, -25.78467558222934031 ) ) ;
#2744 = VECTOR ( 'NONE', #901, 1000.000000000000000 ) ;
#2745 = EDGE_CURVE ( 'NONE', #125, #1197, #779, .T. ) ;
#2746 = CIRCLE ( 'NONE', #2853, 2.000000000000001776 ) ;
#2747 = DIRECTION ( 'NONE',  ( -4.625929269271485914E-16, 1.000000000000000000, -5.219322342512834972E-32 ) ) ;
#2748 = ORIENTED_EDGE ( 'NONE', *, *, #1523, .T. ) ;
#2749 = CIRCLE ( 'NONE', #1915, 2.000000000000000000 ) ;
#2750 = CARTESIAN_POINT ( 'NONE',  ( -12.00039515525047484, 190.1622754741204631, -23.30589915420926417 ) ) ;
#2751 = ADVANCED_FACE ( 'NONE', ( #2031 ), #3025, .F. ) ;
#2752 = VECTOR ( 'NONE', #1548, 1000.000000000000000 ) ;
#2753 = CARTESIAN_POINT ( 'NONE',  ( -99.00000000000000000, 218.0000000000000568, -22.50000000000000000 ) ) ;
#2754 = ORIENTED_EDGE ( 'NONE', *, *, #1870, .F. ) ;
#2755 = EDGE_LOOP ( 'NONE', ( #2571, #2065, #1257, #1138, #1411 ) ) ;
#2756 = ADVANCED_FACE ( 'NONE', ( #1581 ), #3106, .T. ) ;
#2757 = SURFACE_STYLE_USAGE ( .BOTH. , #2924 ) ;
#2758 = ORIENTED_EDGE ( 'NONE', *, *, #1291, .T. ) ;
#2759 = CARTESIAN_POINT ( 'NONE',  ( -103.5000000000000142, 12.00000000000000000, -24.99999999999998579 ) ) ;
#2760 = CIRCLE ( 'NONE', #2611, 27.99999999999999645 ) ;
#2761 = CARTESIAN_POINT ( 'NONE',  ( 119.0000000000000142, 205.0000000000000568, -4.499999999999985789 ) ) ;
#2762 = CARTESIAN_POINT ( 'NONE',  ( 20.63508326896293354, 14.99999999999998579, -27.00000000000000000 ) ) ;
#2763 = VERTEX_POINT ( 'NONE', #874 ) ;
#2764 = LINE ( 'NONE', #42, #862 ) ;
#2765 = DIRECTION ( 'NONE',  ( -1.666214550792758190E-33, -1.000000000000000000, -1.224510688924804848E-16 ) ) ;
#2766 = CARTESIAN_POINT ( 'NONE',  ( 47.51645148935980956, 228.0906808906273966, -16.38344808516615103 ) ) ;
#2767 = FACE_OUTER_BOUND ( 'NONE', #2242, .T. ) ;
#2768 = DIRECTION ( 'NONE',  ( 0.000000000000000000, -0.000000000000000000, -1.000000000000000000 ) ) ;
#2769 = ORIENTED_EDGE ( 'NONE', *, *, #1053, .T. ) ;
#2770 = ORIENTED_EDGE ( 'NONE', *, *, #1033, .T. ) ;
#2771 = ADVANCED_FACE ( 'NONE', ( #2376 ), #154, .F. ) ;
#2772 = VECTOR ( 'NONE', #1359, 1000.000000000000000 ) ;
#2773 = DIRECTION ( 'NONE',  ( 1.128275431529630729E-16, -0.000000000000000000, -1.000000000000000000 ) ) ;
#2774 = VERTEX_POINT ( 'NONE', #661 ) ;
#2775 = DIRECTION ( 'NONE',  ( -1.128275431529630729E-16, 0.000000000000000000, -1.000000000000000000 ) ) ;
#2776 = FACE_OUTER_BOUND ( 'NONE', #1628, .T. ) ;
#2777 = DIRECTION ( 'NONE',  ( 0.000000000000000000, 1.000000000000000000, 0.000000000000000000 ) ) ;
#2778 = ORIENTED_EDGE ( 'NONE', *, *, #1427, .T. ) ;
#2779 = ADVANCED_FACE ( 'NONE', ( #903 ), #1327, .F. ) ;
#2780 = DIRECTION ( 'NONE',  ( 0.000000000000000000, -1.000000000000000000, 5.219322342512834972E-32 ) ) ;
#2781 = CARTESIAN_POINT ( 'NONE',  ( -96.00000000000000000, 203.0000000000000568, -22.50000000000000000 ) ) ;
#2782 = ORIENTED_EDGE ( 'NONE', *, *, #1116, .T. ) ;
#2783 = CARTESIAN_POINT ( 'NONE',  ( -12.02663340528469682, 191.2428252405843239, -25.31518268544039074 ) ) ;
#2784 = CARTESIAN_POINT ( 'NONE',  ( 40.00000000000002132, 19.99999999999998934, 1.734723475976807094E-14 ) ) ;
#2785 = CARTESIAN_POINT ( 'NONE',  ( 20.00019188989973173, 190.1279190441250933, -23.13552239426386947 ) ) ;
#2786 = ORIENTED_EDGE ( 'NONE', *, *, #2069, .T. ) ;
#2787 = PLANE ( 'NONE',  #3185 ) ;
#2788 = EDGE_CURVE ( 'NONE', #2414, #1592, #2570, .T. ) ;
#2789 = EDGE_CURVE ( 'NONE', #1857, #2553, #1383, .T. ) ;
#2790 = ORIENTED_EDGE ( 'NONE', *, *, #724, .T. ) ;
#2791 = ADVANCED_FACE ( 'NONE', ( #616 ), #2861, .F. ) ;
#2792 = DIRECTION ( 'NONE',  ( -0.8320502943378449423, 0.000000000000000000, -0.5547001962252271490 ) ) ;
#2793 = CARTESIAN_POINT ( 'NONE',  ( -113.0000000000000000, 19.99999999999998579, -27.00000000000000000 ) ) ;
#2794 = CARTESIAN_POINT ( 'NONE',  ( 0.000000000000000000, 0.000000000000000000, 0.000000000000000000 ) ) ;
#2795 = ORIENTED_EDGE ( 'NONE', *, *, #1348, .T. ) ;
#2796 = DIRECTION ( 'NONE',  ( 0.000000000000000000, 0.000000000000000000, 1.000000000000000000 ) ) ;
#2797 = FACE_OUTER_BOUND ( 'NONE', #2626, .T. ) ;
#2798 = ORIENTED_EDGE ( 'NONE', *, *, #859, .F. ) ;
#2799 = CARTESIAN_POINT ( 'NONE',  ( -12.00000000000000711, 189.9999999999999716, -22.33120300039920991 ) ) ;
#2800 = ORIENTED_EDGE ( 'NONE', *, *, #1017, .F. ) ;
#2801 = VECTOR ( 'NONE', #1303, 1000.000000000000000 ) ;
#2802 = AXIS2_PLACEMENT_3D ( 'NONE', #793, #2292, #2831 ) ;
#2803 = VECTOR ( 'NONE', #2161, 1000.000000000000000 ) ;
#2804 = DIRECTION ( 'NONE',  ( 1.360718665719281427E-17, 0.000000000000000000, 1.000000000000000000 ) ) ;
#2805 = ORIENTED_EDGE ( 'NONE', *, *, #2410, .F. ) ;
#2806 = ORIENTED_EDGE ( 'NONE', *, *, #2682, .F. ) ;
#2807 = DIRECTION ( 'NONE',  ( 1.000000000000000000, -0.000000000000000000, -1.128275431529630729E-16 ) ) ;
#2808 = PLANE ( 'NONE',  #527 ) ;
#2809 = ORIENTED_EDGE ( 'NONE', *, *, #1971, .T. ) ;
#2810 = EDGE_CURVE ( 'NONE', #2502, #237, #1356, .T. ) ;
#2811 = LINE ( 'NONE', #151, #824 ) ;
#2812 = EDGE_CURVE ( 'NONE', #2736, #812, #3119, .T. ) ;
#2813 = CARTESIAN_POINT ( 'NONE',  ( 19.99999999999998579, 218.0000000000000000, -27.00000000000000000 ) ) ;
#2814 = EDGE_LOOP ( 'NONE', ( #1172, #420, #417, #3142, #1333, #2164 ) ) ;
#2815 = CARTESIAN_POINT ( 'NONE',  ( 20.55204097734801749, 15.32162141245542841, -26.99999999999999645 ) ) ;
#2816 = AXIS2_PLACEMENT_3D ( 'NONE', #1367, #840, #1075 ) ;
#2817 = CARTESIAN_POINT ( 'NONE',  ( 124.1055512754639949, 12.00000000000000000, -22.99999999999998579 ) ) ;
#2818 = VERTEX_POINT ( 'NONE', #1848 ) ;
#2819 = PLANE ( 'NONE',  #2704 ) ;
#2820 = CARTESIAN_POINT ( 'NONE',  ( -110.0000000000000000, 230.0000000000000000, 1.387778780781445676E-14 ) ) ;
#2821 = LINE ( 'NONE', #2547, #2983 ) ;
#2822 = CARTESIAN_POINT ( 'NONE',  ( -100.5000000000000000, 0.000000000000000000, -4.999999999999985789 ) ) ;
#2823 = EDGE_LOOP ( 'NONE', ( #2936, #945, #493, #602 ) ) ;
#2824 = VERTEX_POINT ( 'NONE', #3080 ) ;
#2825 = ADVANCED_FACE ( 'NONE', ( #111 ), #2589, .F. ) ;
#2826 = CARTESIAN_POINT ( 'NONE',  ( -2.749254008808051267E-31, 24.99999999999999289, -10.00000000000001954 ) ) ;
#2827 = PRESENTATION_STYLE_ASSIGNMENT (( #596 ) ) ;
#2828 = CARTESIAN_POINT ( 'NONE',  ( 60.00000000000000000, 218.0000000000000000, -26.99999999999999645 ) ) ;
#2829 = ORIENTED_EDGE ( 'NONE', *, *, #687, .T. ) ;
#2830 = CARTESIAN_POINT ( 'NONE',  ( -13.35088935932650855, 19.99999999999999645, -22.38489353618314581 ) ) ;
#2831 = DIRECTION ( 'NONE',  ( -1.000000000000000000, 0.000000000000000000, 1.128275431529630729E-16 ) ) ;
#2832 = CARTESIAN_POINT ( 'NONE',  ( 40.93029922597755643, 225.1680658486216089, -21.04129828494059140 ) ) ;
#2833 = EDGE_CURVE ( 'NONE', #2961, #2616, #1810, .T. ) ;
#2834 = LINE ( 'NONE', #605, #494 ) ;
#2835 = CARTESIAN_POINT ( 'NONE',  ( 20.09615767669426845, 192.7882213534198002, -26.49597068786157550 ) ) ;
#2836 = CARTESIAN_POINT ( 'NONE',  ( 116.0000000000000000, 203.0000000000000568, -22.50000000000000000 ) ) ;
#2837 = VECTOR ( 'NONE', #3041, 1000.000000000000000 ) ;
#2838 = CIRCLE ( 'NONE', #2580, 40.00000000000000711 ) ;
#2839 = CARTESIAN_POINT ( 'NONE',  ( 122.9961508830135415, 0.000000000000000000, -5.335899411324307451 ) ) ;
#2840 = ORIENTED_EDGE ( 'NONE', *, *, #2554, .F. ) ;
#2841 = PLANE ( 'NONE',  #667 ) ;
#2842 = CARTESIAN_POINT ( 'NONE',  ( -12.05973630463097201, 24.66518851557081504, -10.00000000000001776 ) ) ;
#2843 = CARTESIAN_POINT ( 'NONE',  ( -13.86289654874607180, 19.02092677708358437, -24.97727647354351177 ) ) ;
#2844 = CARTESIAN_POINT ( 'NONE',  ( 120.5000000000000142, 0.000000000000000000, -4.999999999999985789 ) ) ;
#2845 = PLANE ( 'NONE',  #2548 ) ;
#2846 = CARTESIAN_POINT ( 'NONE',  ( -113.0000000000000000, 0.000000000000000000, -4.999999999999985789 ) ) ;
#2847 = EDGE_CURVE ( 'NONE', #2630, #73, #2082, .T. ) ;
#2848 = EDGE_CURVE ( 'NONE', #610, #2099, #1834, .T. ) ;
#2849 = PLANE ( 'NONE',  #1755 ) ;
#2850 = FACE_OUTER_BOUND ( 'NONE', #2814, .T. ) ;
#2851 = CIRCLE ( 'NONE', #3005, 13.99999999999999822 ) ;
#2852 = DIRECTION ( 'NONE',  ( -1.228122814850836818E-16, 0.000000000000000000, 1.000000000000000000 ) ) ;
#2853 = AXIS2_PLACEMENT_3D ( 'NONE', #586, #77, #811 ) ;
#2854 = EDGE_CURVE ( 'NONE', #975, #315, #599, .T. ) ;
#2855 = AXIS2_PLACEMENT_3D ( 'NONE', #112, #634, #1102 ) ;
#2856 = ORIENTED_EDGE ( 'NONE', *, *, #1989, .F. ) ;
#2857 = EDGE_LOOP ( 'NONE', ( #1512, #140, #3008, #852, #1350 ) ) ;
#2858 = LINE ( 'NONE', #1611, #734 ) ;
#2859 = DIRECTION ( 'NONE',  ( -0.000000000000000000, -1.000000000000000000, 0.000000000000000000 ) ) ;
#2860 = CARTESIAN_POINT ( 'NONE',  ( -13.64599187280532355, 19.41312965437118976, -24.35764314052992319 ) ) ;
#2861 = PLANE ( 'NONE',  #2491 ) ;
#2862 = FACE_OUTER_BOUND ( 'NONE', #2370, .T. ) ;
#2863 = ORIENTED_EDGE ( 'NONE', *, *, #2854, .T. ) ;
#2864 = DIRECTION ( 'NONE',  ( -0.000000000000000000, -0.000000000000000000, -1.000000000000000000 ) ) ;
#2865 = CARTESIAN_POINT ( 'NONE',  ( -40.00000000000000000, 230.0000000000000000, -7.100251257867591370 ) ) ;
#2866 = AXIS2_PLACEMENT_3D ( 'NONE', #1073, #2563, #851 ) ;
#2867 = EDGE_CURVE ( 'NONE', #2553, #3129, #2873, .T. ) ;
#2868 = CARTESIAN_POINT ( 'NONE',  ( 119.0000000000000142, 205.0000000000000568, -22.50000000000000000 ) ) ;
#2869 = ORIENTED_EDGE ( 'NONE', *, *, #2833, .T. ) ;
#2870 = CARTESIAN_POINT ( 'NONE',  ( 19.99999999999998579, 230.0000000000000000, -7.100251257867599364 ) ) ;
#2871 = ORIENTED_EDGE ( 'NONE', *, *, #2410, .T. ) ;
#2872 = CARTESIAN_POINT ( 'NONE',  ( -81.00000000000001421, 203.0000000000000000, -22.50000000000000000 ) ) ;
#2873 = LINE ( 'NONE', #647, #1754 ) ;
#2874 = DIRECTION ( 'NONE',  ( -0.000000000000000000, 1.000000000000000000, -0.000000000000000000 ) ) ;
#2875 = CARTESIAN_POINT ( 'NONE',  ( -96.00000000000000000, 218.0000000000000000, -4.499999999999985789 ) ) ;
#2876 = ORIENTED_EDGE ( 'NONE', *, *, #2812, .T. ) ;
#2877 = EDGE_CURVE ( 'NONE', #1867, #1521, #382, .T. ) ;
#2878 = DIRECTION ( 'NONE',  ( 1.000000000000000000, 0.000000000000000000, 0.000000000000000000 ) ) ;
#2879 = CLOSED_SHELL ( 'NONE', ( #1716, #162, #2, #1525, #141, #2520, #3050, #2349, #2791, #2555, #523, #1294, #1351, #2054, #1725, #1669, #2642, #544, #2001, #3109, #1744, #482, #3178, #340, #2130, #305, #2143, #545, #1885, #1151, #3030, #1141, #2771, #2208, #2012, #2345, #2595, #1587, #41, #3143, #2756, #330, #1691, #1387, #1044, #1646, #1052, #2695 ) ) ;
#2880 = CARTESIAN_POINT ( 'NONE',  ( -19.16441763905151419, 224.1517662450359865, -22.24112200318113963 ) ) ;
#2881 = CARTESIAN_POINT ( 'NONE',  ( 133.0000000000000000, 19.99999999999998579, -27.00000000000000000 ) ) ;
#2882 = ORIENTED_EDGE ( 'NONE', *, *, #1253, .F. ) ;
#2883 = ORIENTED_EDGE ( 'NONE', *, *, #33, .T. ) ;
#2884 = CIRCLE ( 'NONE', #1470, 22.49999999999999289 ) ;
#2885 = CARTESIAN_POINT ( 'NONE',  ( 120.5000000000000142, 12.00000000000000000, -4.999999999999985789 ) ) ;
#2886 = EDGE_CURVE ( 'NONE', #3036, #2248, #2636, .T. ) ;
#2887 = AXIS2_PLACEMENT_3D ( 'NONE', #146, #2852, #429 ) ;
#2888 = EDGE_CURVE ( 'NONE', #2774, #2689, #3208, .T. ) ;
#2889 = EDGE_CURVE ( 'NONE', #321, #2818, #2437, .T. ) ;
#2890 = ORIENTED_EDGE ( 'NONE', *, *, #841, .T. ) ;
#2891 = PLANE ( 'NONE',  #2433 ) ;
#2892 = DIRECTION ( 'NONE',  ( -4.625929269271485914E-16, 1.000000000000000000, -5.219322342512834972E-32 ) ) ;
#2893 = CARTESIAN_POINT ( 'NONE',  ( 33.53930631456120892, 220.0306398157010790, -25.82155187987496703 ) ) ;
#2894 = CARTESIAN_POINT ( 'NONE',  ( -11.99999999999999645, 185.0000000000000000, -14.99999999999999822 ) ) ;
#2895 = ORIENTED_EDGE ( 'NONE', *, *, #1872, .F. ) ;
#2896 = DIRECTION ( 'NONE',  ( 1.000000000000000000, 0.000000000000000000, 8.673617379884034239E-17 ) ) ;
#2897 = LINE ( 'NONE', #666, #1542 ) ;
#2898 = CARTESIAN_POINT ( 'NONE',  ( -20.00000000000002487, 0.000000000000000000, 2.449293598294709274E-15 ) ) ;
#2899 = VERTEX_POINT ( 'NONE', #171 ) ;
#2900 = ORIENTED_EDGE ( 'NONE', *, *, #1544, .F. ) ;
#2901 = CIRCLE ( 'NONE', #1337, 4.999999999999999112 ) ;
#2902 = AXIS2_PLACEMENT_3D ( 'NONE', #1962, #730, #22 ) ;
#2903 = VECTOR ( 'NONE', #1450, 1000.000000000000000 ) ;
#2904 = EDGE_LOOP ( 'NONE', ( #1610, #1635, #16, #2073 ) ) ;
#2905 = AXIS2_PLACEMENT_3D ( 'NONE', #1780, #2456, #515 ) ;
#2906 = VECTOR ( 'NONE', #1763, 1000.000000000000000 ) ;
#2907 = CARTESIAN_POINT ( 'NONE',  ( 33.86289654874607180, 19.02092677708358792, -24.97727647354350111 ) ) ;
#2908 = EDGE_CURVE ( 'NONE', #986, #2553, #206, .T. ) ;
#2909 = CARTESIAN_POINT ( 'NONE',  ( -12.00000000000000000, 25.99999999999999645, 0.000000000000000000 ) ) ;
#2910 = CARTESIAN_POINT ( 'NONE',  ( -113.0000000000000000, 0.000000000000000000, 1.383850883036509067E-14 ) ) ;
#2911 = FACE_OUTER_BOUND ( 'NONE', #2423, .T. ) ;
#2912 = ORIENTED_EDGE ( 'NONE', *, *, #1475, .F. ) ;
#2913 = VECTOR ( 'NONE', #2406, 1000.000000000000000 ) ;
#2914 = DIRECTION ( 'NONE',  ( 1.000000000000000000, -0.000000000000000000, 1.228122814850836818E-16 ) ) ;
#2915 = DIRECTION ( 'NONE',  ( 1.000000000000000000, -0.000000000000000000, -0.000000000000000000 ) ) ;
#2916 = CARTESIAN_POINT ( 'NONE',  ( -15.73049910194590240, 221.8276446538907294, -24.48480272870632746 ) ) ;
#2917 = AXIS2_PLACEMENT_3D ( 'NONE', #3086, #1560, #383 ) ;
#2918 = DIRECTION ( 'NONE',  ( 0.000000000000000000, 1.000000000000000000, -0.000000000000000000 ) ) ;
#2919 = VERTEX_POINT ( 'NONE', #2941 ) ;
#2920 = VERTEX_POINT ( 'NONE', #905 ) ;
#2921 = EDGE_CURVE ( 'NONE', #2468, #803, #2171, .T. ) ;
#2922 = ORIENTED_EDGE ( 'NONE', *, *, #442, .F. ) ;
#2923 = CARTESIAN_POINT ( 'NONE',  ( 35.19553100983804228, 17.09010071793908025, -26.55297415145199480 ) ) ;
#2924 = SURFACE_SIDE_STYLE ('',( #1430 ) ) ;
#2925 = DIRECTION ( 'NONE',  ( -1.000000000000000000, 0.000000000000000000, 4.336808689942013792E-16 ) ) ;
#2926 = CARTESIAN_POINT ( 'NONE',  ( 46.00000000000002842, 25.99999999999999645, 3.469446951953614189E-15 ) ) ;
#2927 = ORIENTED_EDGE ( 'NONE', *, *, #1591, .T. ) ;
#2928 = DIRECTION ( 'NONE',  ( 1.000000000000000000, -0.000000000000000000, -0.000000000000000000 ) ) ;
#2929 = VECTOR ( 'NONE', #1557, 1000.000000000000000 ) ;
#2930 = EDGE_CURVE ( 'NONE', #3151, #968, #3180, .T. ) ;
#2931 = EDGE_CURVE ( 'NONE', #1777, #1693, #1451, .T. ) ;
#2932 = LINE ( 'NONE', #1983, #1756 ) ;
#2933 = CARTESIAN_POINT ( 'NONE',  ( 32.26920450524769990, 193.8766846362363765, -26.87486454912768608 ) ) ;
#2934 = DIRECTION ( 'NONE',  ( -1.224646799147353207E-16, 0.000000000000000000, -1.000000000000000000 ) ) ;
#2935 = ORIENTED_EDGE ( 'NONE', *, *, #342, .F. ) ;
#2936 = ORIENTED_EDGE ( 'NONE', *, *, #200, .T. ) ;
#2937 = VERTEX_POINT ( 'NONE', #1432 ) ;
#2938 = LINE ( 'NONE', #997, #1750 ) ;
#2939 = DIRECTION ( 'NONE',  ( 0.000000000000000000, -0.000000000000000000, -1.000000000000000000 ) ) ;
#2940 = CARTESIAN_POINT ( 'NONE',  ( -0.006196805942393334050, 19.48636144248753155, -24.23157417920229051 ) ) ;
#2941 = CARTESIAN_POINT ( 'NONE',  ( 120.5000000000000142, 0.000000000000000000, -22.99999999999999645 ) ) ;
#2942 = VERTEX_POINT ( 'NONE', #1666 ) ;
#2943 = DIRECTION ( 'NONE',  ( 4.625929269271485914E-16, 1.000000000000000000, -5.219322342512834972E-32 ) ) ;
#2944 = FACE_OUTER_BOUND ( 'NONE', #2904, .T. ) ;
#2945 = ORIENTED_EDGE ( 'NONE', *, *, #181, .F. ) ;
#2946 = DIRECTION ( 'NONE',  ( -0.000000000000000000, 0.000000000000000000, -1.000000000000000000 ) ) ;
#2947 = EDGE_CURVE ( 'NONE', #2319, #1339, #2141, .T. ) ;
#2948 = EDGE_CURVE ( 'NONE', #691, #1874, #2638, .T. ) ;
#2949 = EDGE_CURVE ( 'NONE', #3051, #1643, #696, .T. ) ;
#2950 = CARTESIAN_POINT ( 'NONE',  ( 131.0000000000000000, 12.00000000000000000, -4.999999999999985789 ) ) ;
#2951 = ORIENTED_EDGE ( 'NONE', *, *, #197, .T. ) ;
#2952 = DIRECTION ( 'NONE',  ( 1.000000000000000000, -4.625929269271485914E-16, 0.000000000000000000 ) ) ;
#2953 = EDGE_CURVE ( 'NONE', #2387, #3088, #1541, .T. ) ;
#2954 = EDGE_LOOP ( 'NONE', ( #558, #1623, #916, #1038 ) ) ;
#2955 = CARTESIAN_POINT ( 'NONE',  ( 36.74819076965827236, 15.48589859363541699, -26.98310178465681730 ) ) ;
#2956 = VECTOR ( 'NONE', #2675, 1000.000000000000000 ) ;
#2957 = CARTESIAN_POINT ( 'NONE',  ( 104.0000000000000284, 203.0000000000000000, -22.50000000000000000 ) ) ;
#2958 = LINE ( 'NONE', #3179, #357 ) ;
#2959 =( GEOMETRIC_REPRESENTATION_CONTEXT ( 3 ) GLOBAL_UNCERTAINTY_ASSIGNED_CONTEXT ( ( #1950 ) ) GLOBAL_UNIT_ASSIGNED_CONTEXT ( ( #2322, #2339, #57 ) ) REPRESENTATION_CONTEXT ( 'NONE', 'WORKASPACE' ) );
#2960 = FACE_OUTER_BOUND ( 'NONE', #798, .T. ) ;
#2961 = VERTEX_POINT ( 'NONE', #2657 ) ;
#2962 = AXIS2_PLACEMENT_3D ( 'NONE', #1435, #685, #2674 ) ;
#2963 = DIRECTION ( 'NONE',  ( -1.000000000000000000, 0.000000000000000000, 1.128275431529630482E-16 ) ) ;
#2964 = VERTEX_POINT ( 'NONE', #139 ) ;
#2965 = DIRECTION ( 'NONE',  ( 0.000000000000000000, -1.000000000000000000, 0.000000000000000000 ) ) ;
#2966 = FACE_OUTER_BOUND ( 'NONE', #228, .T. ) ;
#2967 = VERTEX_POINT ( 'NONE', #1130 ) ;
#2968 = CARTESIAN_POINT ( 'NONE',  ( 124.1055512754639949, 12.00000000000000000, -24.99999999999998579 ) ) ;
#2969 = VECTOR ( 'NONE', #1841, 1000.000000000000000 ) ;
#2970 = ORIENTED_EDGE ( 'NONE', *, *, #2726, .F. ) ;
#2971 = DIRECTION ( 'NONE',  ( 1.128275431529630729E-16, 0.000000000000000000, -1.000000000000000000 ) ) ;
#2972 = CARTESIAN_POINT ( 'NONE',  ( -1.722362052139232009E-14, 19.99999999999998934, -22.33226297106431701 ) ) ;
#2973 = CARTESIAN_POINT ( 'NONE',  ( 133.0000000000000000, 190.0000000000000000, -27.00000000000000000 ) ) ;
#2974 = ORIENTED_EDGE ( 'NONE', *, *, #753, .T. ) ;
#2975 = DIRECTION ( 'NONE',  ( 0.000000000000000000, 0.000000000000000000, -1.000000000000000000 ) ) ;
#2976 = LINE ( 'NONE', #2492, #1815 ) ;
#2977 = ORIENTED_EDGE ( 'NONE', *, *, #5, .T. ) ;
#2978 = EDGE_CURVE ( 'NONE', #960, #3141, #467, .T. ) ;
#2979 = DIRECTION ( 'NONE',  ( 0.000000000000000000, 0.000000000000000000, -1.000000000000000000 ) ) ;
#2980 = FACE_OUTER_BOUND ( 'NONE', #526, .T. ) ;
#2981 = ORIENTED_EDGE ( 'NONE', *, *, #76, .F. ) ;
#2982 = VERTEX_POINT ( 'NONE', #2875 ) ;
#2983 = VECTOR ( 'NONE', #867, 1000.000000000000000 ) ;
#2984 = EDGE_LOOP ( 'NONE', ( #201, #508, #776, #1827 ) ) ;
#2985 = EDGE_CURVE ( 'NONE', #3077, #329, #668, .T. ) ;
#2986 = CARTESIAN_POINT ( 'NONE',  ( -113.0000000000000000, 0.000000000000000000, -26.99999999999998579 ) ) ;
#2987 = ADVANCED_FACE ( 'NONE', ( #2911 ), #407, .T. ) ;
#2988 = CARTESIAN_POINT ( 'NONE',  ( 133.0000000000000000, 12.00000000000000000, -4.999999999999985789 ) ) ;
#2989 = DIRECTION ( 'NONE',  ( 1.128275431529630729E-16, 0.000000000000000000, -1.000000000000000000 ) ) ;
#2990 = ORIENTED_EDGE ( 'NONE', *, *, #1974, .F. ) ;
#2991 = VECTOR ( 'NONE', #2290, 1000.000000000000000 ) ;
#2992 = CARTESIAN_POINT ( 'NONE',  ( 20.09591988952661978, 18.02433923880292355, -25.99505716508509323 ) ) ;
#2993 = DIRECTION ( 'NONE',  ( -0.000000000000000000, -1.000000000000000000, -0.000000000000000000 ) ) ;
#2994 = ORIENTED_EDGE ( 'NONE', *, *, #1851, .F. ) ;
#2995 = CARTESIAN_POINT ( 'NONE',  ( 32.18889662650714456, 193.2504851551040304, -26.68677896553385764 ) ) ;
#2996 = CARTESIAN_POINT ( 'NONE',  ( -113.0000000000000000, 12.00000000000000000, -2.999999999999986233 ) ) ;
#2997 = ORIENTED_EDGE ( 'NONE', *, *, #1523, .F. ) ;
#2998 = VERTEX_POINT ( 'NONE', #1147 ) ;
#2999 = ORIENTED_EDGE ( 'NONE', *, *, #2947, .T. ) ;
#3000 = CARTESIAN_POINT ( 'NONE',  ( -104.1055512754639949, 0.000000000000000000, -22.99999999999998579 ) ) ;
#3001 = DIRECTION ( 'NONE',  ( 1.000000000000000000, 0.000000000000000000, 1.228122814850836818E-16 ) ) ;
#3002 = DIRECTION ( 'NONE',  ( 1.000000000000000000, 0.000000000000000000, 1.128275431529630729E-16 ) ) ;
#3003 = VERTEX_POINT ( 'NONE', #1930 ) ;
#3004 = CARTESIAN_POINT ( 'NONE',  ( 20.02624466274416548, 18.95908712153320153, -25.07170186548777124 ) ) ;
#3005 = AXIS2_PLACEMENT_3D ( 'NONE', #676, #433, #1958 ) ;
#3006 = AXIS2_PLACEMENT_3D ( 'NONE', #1145, #2093, #135 ) ;
#3007 = CARTESIAN_POINT ( 'NONE',  ( -100.5000000000000000, 12.00000000000000000, -22.99999999999999645 ) ) ;
#3008 = ORIENTED_EDGE ( 'NONE', *, *, #207, .T. ) ;
#3009 = VECTOR ( 'NONE', #2193, 1000.000000000000000 ) ;
#3010 = CARTESIAN_POINT ( 'NONE',  ( 53.08659927165331283, 229.4031572305747773, -12.27040704433534124 ) ) ;
#3011 = DIRECTION ( 'NONE',  ( -1.360718665719281119E-17, 1.224510688924804848E-16, -1.000000000000000000 ) ) ;
#3012 = CARTESIAN_POINT ( 'NONE',  ( 101.0000000000000142, 205.0000000000000284, -22.50000000000000000 ) ) ;
#3013 = ORIENTED_EDGE ( 'NONE', *, *, #1626, .T. ) ;
#3014 = ORIENTED_EDGE ( 'NONE', *, *, #63, .F. ) ;
#3015 = DIRECTION ( 'NONE',  ( -1.000000000000000000, 0.000000000000000000, 0.000000000000000000 ) ) ;
#3016 = ORIENTED_EDGE ( 'NONE', *, *, #687, .F. ) ;
#3017 = ADVANCED_FACE ( 'NONE', ( #1403 ), #3150, .F. ) ;
#3018 = CARTESIAN_POINT ( 'NONE',  ( 20.31373033403113482, 195.0000000000000000, -27.00000000000000000 ) ) ;
#3019 = ADVANCED_FACE ( 'NONE', ( #436 ), #2422, .F. ) ;
#3020 = VECTOR ( 'NONE', #1320, 1000.000000000000000 ) ;
#3021 = DIRECTION ( 'NONE',  ( 1.000000000000000000, 0.000000000000000000, -1.228122814850836818E-16 ) ) ;
#3022 = FACE_BOUND ( 'NONE', #2600, .T. ) ;
#3023 = ORIENTED_EDGE ( 'NONE', *, *, #2430, .F. ) ;
#3024 = LINE ( 'NONE', #792, #1684 ) ;
#3025 = CYLINDRICAL_SURFACE ( 'NONE', #2802, 13.99999999999999822 ) ;
#3026 = CARTESIAN_POINT ( 'NONE',  ( -12.33852001507292684, 194.3526239449213335, -26.96844758033605771 ) ) ;
#3027 = DIRECTION ( 'NONE',  ( -1.000000000000000000, 0.000000000000000000, 0.000000000000000000 ) ) ;
#3028 = ADVANCED_FACE ( 'NONE', ( #2172 ), #2685, .T. ) ;
#3029 = ADVANCED_FACE ( 'NONE', ( #532 ), #790, .F. ) ;
#3030 = ADVANCED_FACE ( 'NONE', ( #2960 ), #2728, .F. ) ;
#3031 = CARTESIAN_POINT ( 'NONE',  ( 104.0000000000000284, 203.0000000000000000, -22.50000000000000000 ) ) ;
#3032 = EDGE_LOOP ( 'NONE', ( #3061, #392, #897, #1694 ) ) ;
#3033 = CARTESIAN_POINT ( 'NONE',  ( 60.00000000000000000, 230.0000000000000000, 3.469446951953614189E-15 ) ) ;
#3034 = CIRCLE ( 'NONE', #1620, 2.000000000000001776 ) ;
#3035 = DIRECTION ( 'NONE',  ( -1.000000000000000000, -0.000000000000000000, -0.000000000000000000 ) ) ;
#3036 = VERTEX_POINT ( 'NONE', #289 ) ;
#3037 = DIRECTION ( 'NONE',  ( 0.000000000000000000, -1.000000000000000000, 0.000000000000000000 ) ) ;
#3038 = CARTESIAN_POINT ( 'NONE',  ( 131.0000000000000000, 0.000000000000000000, -4.999999999999985789 ) ) ;
#3039 = DIRECTION ( 'NONE',  ( 1.000000000000000000, 0.000000000000000000, 1.486905836551548832E-16 ) ) ;
#3040 = ORIENTED_EDGE ( 'NONE', *, *, #1279, .F. ) ;
#3041 = DIRECTION ( 'NONE',  ( -1.000000000000000000, 0.000000000000000000, -1.224646799147353207E-16 ) ) ;
#3042 = LINE ( 'NONE', #1552, #2236 ) ;
#3043 = EDGE_LOOP ( 'NONE', ( #1433, #2457, #17, #2729 ) ) ;
#3044 = CARTESIAN_POINT ( 'NONE',  ( 5.999999993372417961E-06, 190.0000000000000000, -22.00000000000000000 ) ) ;
#3045 = ORIENTED_EDGE ( 'NONE', *, *, #278, .F. ) ;
#3046 = CIRCLE ( 'NONE', #1267, 28.00000000000000355 ) ;
#3047 = VECTOR ( 'NONE', #2067, 1000.000000000000000 ) ;
#3048 = CARTESIAN_POINT ( 'NONE',  ( 123.5000000000000142, 12.00000000000000000, -24.99999999999998579 ) ) ;
#3049 = ORIENTED_EDGE ( 'NONE', *, *, #1180, .T. ) ;
#3050 = ADVANCED_FACE ( 'NONE', ( #38, #3022, #2241 ), #550, .T. ) ;
#3051 = VERTEX_POINT ( 'NONE', #1273 ) ;
#3052 = CARTESIAN_POINT ( 'NONE',  ( 101.0000000000000142, 205.0000000000000284, -4.499999999999985789 ) ) ;
#3053 = EDGE_CURVE ( 'NONE', #107, #1807, #1742, .T. ) ;
#3054 = CARTESIAN_POINT ( 'NONE',  ( 33.35088935932650855, 19.99999999999998579, 2.042278875296418757E-15 ) ) ;
#3055 = ORIENTED_EDGE ( 'NONE', *, *, #800, .T. ) ;
#3056 = CARTESIAN_POINT ( 'NONE',  ( 37.33974596215565356, 14.99999999999998579, -26.99999999999999645 ) ) ;
#3057 = LINE ( 'NONE', #2988, #416 ) ;
#3058 = VERTEX_POINT ( 'NONE', #1463 ) ;
#3059 = CARTESIAN_POINT ( 'NONE',  ( 20.63508326896293354, 14.99999999999998579, -27.00000000000000000 ) ) ;
#3060 = CARTESIAN_POINT ( 'NONE',  ( 32.00000000000002132, 25.99999999999999645, 3.469446951953614189E-15 ) ) ;
#3061 = ORIENTED_EDGE ( 'NONE', *, *, #2953, .F. ) ;
#3062 = CARTESIAN_POINT ( 'NONE',  ( 53.71423778197080168, 229.5081079910111157, -11.80342712535004601 ) ) ;
#3063 = AXIS2_PLACEMENT_3D ( 'NONE', #3000, #2286, #772 ) ;
#3064 = AXIS2_PLACEMENT_3D ( 'NONE', #1193, #1388, #2393 ) ;
#3065 = AXIS2_PLACEMENT_3D ( 'NONE', #391, #1583, #875 ) ;
#3066 = CARTESIAN_POINT ( 'NONE',  ( -20.00000000000002842, 0.000000000000000000, -26.99999999999999645 ) ) ;
#3067 = EDGE_LOOP ( 'NONE', ( #876, #476, #1659, #3045 ) ) ;
#3068 = DIRECTION ( 'NONE',  ( 0.000000000000000000, 1.000000000000000000, 0.000000000000000000 ) ) ;
#3069 =( GEOMETRIC_REPRESENTATION_CONTEXT ( 3 ) GLOBAL_UNCERTAINTY_ASSIGNED_CONTEXT ( ( #1685 ) ) GLOBAL_UNIT_ASSIGNED_CONTEXT ( ( #2425, #1702, #470 ) ) REPRESENTATION_CONTEXT ( 'NONE', 'WORKASPACE' ) );
#3070 = LINE ( 'NONE', #3054, #683 ) ;
#3071 = EDGE_LOOP ( 'NONE', ( #31, #2235, #838, #2192 ) ) ;
#3072 = EDGE_LOOP ( 'NONE', ( #1957, #225, #576, #1674 ) ) ;
#3073 = AXIS2_PLACEMENT_3D ( 'NONE', #2926, #950, #1416 ) ;
#3074 = PRODUCT_RELATED_PRODUCT_CATEGORY ( 'part', '', ( #2466 ) ) ;
#3075 = DIRECTION ( 'NONE',  ( -1.128275431529630729E-16, 0.000000000000000000, -1.000000000000000000 ) ) ;
#3076 = DIRECTION ( 'NONE',  ( 0.000000000000000000, 0.000000000000000000, 1.000000000000000000 ) ) ;
#3077 = VERTEX_POINT ( 'NONE', #1014 ) ;
#3078 = DIRECTION ( 'NONE',  ( 1.000000000000000000, 0.000000000000000000, 0.000000000000000000 ) ) ;
#3079 = AXIS2_PLACEMENT_3D ( 'NONE', #1776, #1540, #560 ) ;
#3080 = CARTESIAN_POINT ( 'NONE',  ( 103.0000000000000284, 203.0000000000000000, -22.50000000000000000 ) ) ;
#3081 = CARTESIAN_POINT ( 'NONE',  ( -102.9961508830135273, 12.00000000000000000, -5.335899411324306563 ) ) ;
#3082 = DIRECTION ( 'NONE',  ( 0.000000000000000000, 0.000000000000000000, 1.000000000000000000 ) ) ;
#3083 = CARTESIAN_POINT ( 'NONE',  ( -83.00000000000001421, 205.0000000000000284, 7.828983513769252240E-31 ) ) ;
#3084 = DIRECTION ( 'NONE',  ( 1.128275431529630729E-16, 0.000000000000000000, -1.000000000000000000 ) ) ;
#3085 = ORIENTED_EDGE ( 'NONE', *, *, #822, .F. ) ;
#3086 = CARTESIAN_POINT ( 'NONE',  ( 116.0000000000000000, 203.0000000000000568, -22.50000000000000000 ) ) ;
#3087 = DIRECTION ( 'NONE',  ( 1.000000000000000000, -0.000000000000000000, -1.224646799147353207E-16 ) ) ;
#3088 = VERTEX_POINT ( 'NONE', #2222 ) ;
#3089 = EDGE_CURVE ( 'NONE', #769, #1721, #2123, .T. ) ;
#3090 = LINE ( 'NONE', #109, #1647 ) ;
#3091 = EDGE_CURVE ( 'NONE', #2353, #1736, #2472, .T. ) ;
#3092 = CARTESIAN_POINT ( 'NONE',  ( -80.00000000000000000, 12.00000000000000000, -4.999999999999985789 ) ) ;
#3093 = CARTESIAN_POINT ( 'NONE',  ( -99.00000000000000000, 205.0000000000000568, -22.50000000000000000 ) ) ;
#3094 = LINE ( 'NONE', #1836, #80 ) ;
#3095 = EDGE_CURVE ( 'NONE', #736, #2824, #253, .T. ) ;
#3096 = CARTESIAN_POINT ( 'NONE',  ( 60.00000000000000000, 218.0000000000000000, -26.99999999999999645 ) ) ;
#3097 = ORIENTED_EDGE ( 'NONE', *, *, #2921, .F. ) ;
#3098 = FACE_OUTER_BOUND ( 'NONE', #1570, .T. ) ;
#3099 = AXIS2_PLACEMENT_3D ( 'NONE', #1982, #486, #714 ) ;
#3100 = AXIS2_PLACEMENT_3D ( 'NONE', #397, #2918, #2412 ) ;
#3101 = LINE ( 'NONE', #3140, #1579 ) ;
#3102 = VERTEX_POINT ( 'NONE', #2009 ) ;
#3103 = CARTESIAN_POINT ( 'NONE',  ( 133.0000000000000000, 19.99999999999998579, -21.99999999999998579 ) ) ;
#3104 = CARTESIAN_POINT ( 'NONE',  ( -104.1055512754640091, 0.000000000000000000, -4.999999999999985789 ) ) ;
#3105 = CARTESIAN_POINT ( 'NONE',  ( 20.00619680594239824, 19.48636144248753510, -24.23157417920229051 ) ) ;
#3106 = CYLINDRICAL_SURFACE ( 'NONE', #1862, 5.000000000000000888 ) ;
#3107 = FACE_OUTER_BOUND ( 'NONE', #1009, .T. ) ;
#3108 = DIRECTION ( 'NONE',  ( -1.000000000000000000, 0.000000000000000000, -1.228122814850836818E-16 ) ) ;
#3109 = ADVANCED_FACE ( 'NONE', ( #2715 ), #2271, .T. ) ;
#3110 = CARTESIAN_POINT ( 'NONE',  ( -34.96862328578006185, 229.6873613641748193, -10.86823165590501361 ) ) ;
#3111 = VECTOR ( 'NONE', #1876, 1000.000000000000000 ) ;
#3112 = CARTESIAN_POINT ( 'NONE',  ( 6.000000000311311865E-06, 190.0000000000000000, -14.99999999999999645 ) ) ;
#3113 = VECTOR ( 'NONE', #1062, 1000.000000000000000 ) ;
#3114 = VERTEX_POINT ( 'NONE', #2204 ) ;
#3115 = CARTESIAN_POINT ( 'NONE',  ( -83.00000000000001421, 203.0000000000000000, 7.828983513769252240E-31 ) ) ;
#3116 = EDGE_CURVE ( 'NONE', #767, #542, #2075, .T. ) ;
#3117 = LINE ( 'NONE', #1262, #1673 ) ;
#3118 = LINE ( 'NONE', #1893, #2698 ) ;
#3119 = LINE ( 'NONE', #1084, #511 ) ;
#3120 = LINE ( 'NONE', #601, #2494 ) ;
#3121 = CARTESIAN_POINT ( 'NONE',  ( 20.00000000000000000, 14.99999999999998579, -27.00000000000000000 ) ) ;
#3122 = ORIENTED_EDGE ( 'NONE', *, *, #1872, .T. ) ;
#3123 = DIRECTION ( 'NONE',  ( 0.000000000000000000, -0.000000000000000000, -1.000000000000000000 ) ) ;
#3124 = LINE ( 'NONE', #910, #3210 ) ;
#3125 = EDGE_CURVE ( 'NONE', #3155, #870, #1479, .T. ) ;
#3126 = EDGE_CURVE ( 'NONE', #1194, #1899, #1083, .T. ) ;
#3127 = EDGE_CURVE ( 'NONE', #803, #1905, #1980, .T. ) ;
#3128 = CARTESIAN_POINT ( 'NONE',  ( 120.5000000000000142, 0.000000000000000000, -24.99999999999998579 ) ) ;
#3129 = VERTEX_POINT ( 'NONE', #2741 ) ;
#3130 = ORIENTED_EDGE ( 'NONE', *, *, #1772, .T. ) ;
#3131 = DIRECTION ( 'NONE',  ( 0.000000000000000000, 1.000000000000000000, 0.000000000000000000 ) ) ;
#3132 = ORIENTED_EDGE ( 'NONE', *, *, #2115, .T. ) ;
#3133 = CARTESIAN_POINT ( 'NONE',  ( 120.5000000000000142, 12.00000000000000000, -24.99999999999998579 ) ) ;
#3134 = DIRECTION ( 'NONE',  ( 0.000000000000000000, 0.000000000000000000, 1.000000000000000000 ) ) ;
#3135 = DIRECTION ( 'NONE',  ( 4.625929269271485914E-16, -1.000000000000000000, 0.000000000000000000 ) ) ;
#3136 = DIRECTION ( 'NONE',  ( -2.924248145218045884E-14, -1.000000000000000000, -1.239088197126290570E-16 ) ) ;
#3137 = ORIENTED_EDGE ( 'NONE', *, *, #441, .T. ) ;
#3138 = CARTESIAN_POINT ( 'NONE',  ( -104.1055512754640091, 12.00000000000000000, -6.999999999999986677 ) ) ;
#3139 = DIRECTION ( 'NONE',  ( 1.000000000000000000, -4.625929269271485914E-16, 0.000000000000000000 ) ) ;
#3140 = CARTESIAN_POINT ( 'NONE',  ( -84.00000000000001421, 203.0000000000000000, -22.50000000000000000 ) ) ;
#3141 = VERTEX_POINT ( 'NONE', #2762 ) ;
#3142 = ORIENTED_EDGE ( 'NONE', *, *, #1348, .F. ) ;
#3143 = ADVANCED_FACE ( 'NONE', ( #1496 ), #967, .F. ) ;
#3144 = VECTOR ( 'NONE', #1345, 1000.000000000000000 ) ;
#3145 = AXIS2_PLACEMENT_3D ( 'NONE', #2881, #164, #193 ) ;
#3146 = ORIENTED_EDGE ( 'NONE', *, *, #954, .T. ) ;
#3147 = CARTESIAN_POINT ( 'NONE',  ( 32.90784470652162241, 21.03672921574936083, -11.93417214197789811 ) ) ;
#3148 = DIRECTION ( 'NONE',  ( 0.000000000000000000, -1.000000000000000000, -0.000000000000000000 ) ) ;
#3149 = CARTESIAN_POINT ( 'NONE',  ( -2.041077998578924313E-16, 19.99999999999998579, -15.00000000000001776 ) ) ;
#3150 = PLANE ( 'NONE',  #1233 ) ;
#3151 = VERTEX_POINT ( 'NONE', #1256 ) ;
#3152 = DIRECTION ( 'NONE',  ( -1.128275431529630729E-16, 0.000000000000000000, -1.000000000000000000 ) ) ;
#3153 = FACE_OUTER_BOUND ( 'NONE', #640, .T. ) ;
#3154 = CARTESIAN_POINT ( 'NONE',  ( -104.1055512754640091, 0.000000000000000000, -6.999999999999986677 ) ) ;
#3155 = VERTEX_POINT ( 'NONE', #614 ) ;
#3156 = EDGE_LOOP ( 'NONE', ( #2228, #2564, #2135, #1578 ) ) ;
#3157 = VECTOR ( 'NONE', #1677, 1000.000000000000000 ) ;
#3158 = AXIS2_PLACEMENT_3D ( 'NONE', #3092, #1101, #123 ) ;
#3159 = VECTOR ( 'NONE', #2229, 1000.000000000000000 ) ;
#3160 = VERTEX_POINT ( 'NONE', #1577 ) ;
#3161 = AXIS2_PLACEMENT_3D ( 'NONE', #2793, #563, #1529 ) ;
#3162 = EDGE_CURVE ( 'NONE', #2096, #2982, #2109, .T. ) ;
#3163 = CARTESIAN_POINT ( 'NONE',  ( 34.76320607045857258, 17.64193099090094208, -26.25655908854047738 ) ) ;
#3164 =( NAMED_UNIT ( * ) SI_UNIT ( $, .STERADIAN. ) SOLID_ANGLE_UNIT ( ) );
#3165 = DIRECTION ( 'NONE',  ( -1.000000000000000000, 0.000000000000000000, 1.734723475976806601E-16 ) ) ;
#3166 = CARTESIAN_POINT ( 'NONE',  ( 60.00000000000000000, 218.0000000000000000, 3.469446951953614189E-15 ) ) ;
#3167 = VERTEX_POINT ( 'NONE', #1078 ) ;
#3168 = FACE_OUTER_BOUND ( 'NONE', #2275, .T. ) ;
#3169 = DIRECTION ( 'NONE',  ( -1.000000000000000000, -0.000000000000000000, 1.128275431529630729E-16 ) ) ;
#3170 = CARTESIAN_POINT ( 'NONE',  ( 32.00000000000000000, 189.9999999999999432, -22.33120300039920991 ) ) ;
#3171 = VECTOR ( 'NONE', #1507, 1000.000000000000000 ) ;
#3172 = CARTESIAN_POINT ( 'NONE',  ( 20.00000000000000000, 185.0000000000000000, -9.999999999999998224 ) ) ;
#3173 = ORIENTED_EDGE ( 'NONE', *, *, #2329, .T. ) ;
#3174 = ORIENTED_EDGE ( 'NONE', *, *, #427, .F. ) ;
#3175 = ORIENTED_EDGE ( 'NONE', *, *, #2848, .T. ) ;
#3176 = LINE ( 'NONE', #947, #196 ) ;
#3177 = CARTESIAN_POINT ( 'NONE',  ( 133.0000000000000000, 12.00000000000000000, -26.99999999999998579 ) ) ;
#3178 = ADVANCED_FACE ( 'NONE', ( #1562 ), #2604, .F. ) ;
#3179 = CARTESIAN_POINT ( 'NONE',  ( -113.0000000000000000, 0.000000000000000000, -24.99999999999998579 ) ) ;
#3180 = LINE ( 'NONE', #3166, #1088 ) ;
#3181 = ORIENTED_EDGE ( 'NONE', *, *, #953, .F. ) ;
#3182 = EDGE_CURVE ( 'NONE', #1899, #150, #1817, .T. ) ;
#3183 = LINE ( 'NONE', #1947, #909 ) ;
#3184 = EDGE_CURVE ( 'NONE', #2194, #2899, #2288, .T. ) ;
#3185 = AXIS2_PLACEMENT_3D ( 'NONE', #608, #1589, #2313 ) ;
#3186 = CYLINDRICAL_SURFACE ( 'NONE', #675, 2.000000000000001776 ) ;
#3187 = ORIENTED_EDGE ( 'NONE', *, *, #2789, .T. ) ;
#3188 = UNCERTAINTY_MEASURE_WITH_UNIT (LENGTH_MEASURE( 1.000000000000000082E-05 ), #450, 'distance_accuracy_value', 'NONE');
#3189 = LINE ( 'NONE', #2479, #3159 ) ;
#3190 = CARTESIAN_POINT ( 'NONE',  ( 19.99999400000000804, 19.99999999999998934, -22.00000000000000000 ) ) ;
#3191 = ORIENTED_EDGE ( 'NONE', *, *, #128, .F. ) ;
#3192 = ORIENTED_EDGE ( 'NONE', *, *, #820, .T. ) ;
#3193 = ORIENTED_EDGE ( 'NONE', *, *, #1723, .F. ) ;
#3194 = LINE ( 'NONE', #964, #1860 ) ;
#3195 = CARTESIAN_POINT ( 'NONE',  ( 120.5000000000000142, 12.00000000000000000, -24.99999999999998579 ) ) ;
#3196 = DIRECTION ( 'NONE',  ( 1.000000000000000000, 0.000000000000000000, -1.360718665719281119E-17 ) ) ;
#3197 = DIRECTION ( 'NONE',  ( -0.000000000000000000, -0.000000000000000000, -1.000000000000000000 ) ) ;
#3198 = ORIENTED_EDGE ( 'NONE', *, *, #612, .F. ) ;
#3199 = FACE_OUTER_BOUND ( 'NONE', #1031, .T. ) ;
#3200 = DIRECTION ( 'NONE',  ( 1.000000000000000000, 0.000000000000000000, -0.000000000000000000 ) ) ;
#3201 = ORIENTED_EDGE ( 'NONE', *, *, #3127, .F. ) ;
#3202 = CARTESIAN_POINT ( 'NONE',  ( 32.05107570560596031, 191.7063071256951332, -25.77602776213150193 ) ) ;
#3203 = CARTESIAN_POINT ( 'NONE',  ( -100.5000000000000142, 0.000000000000000000, -7.000000000000001776 ) ) ;
#3204 = VERTEX_POINT ( 'NONE', #2567 ) ;
#3205 = ORIENTED_EDGE ( 'NONE', *, *, #2113, .F. ) ;
#3206 = ORIENTED_EDGE ( 'NONE', *, *, #2356, .T. ) ;
#3207 = AXIS2_PLACEMENT_3D ( 'NONE', #1125, #3075, #2385 ) ;
#3208 = CIRCLE ( 'NONE', #2660, 2.000000000000001776 ) ;
#3209 = CARTESIAN_POINT ( 'NONE',  ( 33.35088935932650855, 19.99999999999998579, -15.00000000000001776 ) ) ;
#3210 = VECTOR ( 'NONE', #143, 1000.000000000000000 ) ;
#3211 = EDGE_CURVE ( 'NONE', #73, #2289, #2701, .T. ) ;
#3212 = LINE ( 'NONE', #483, #1287 ) ;
#3213 = VECTOR ( 'NONE', #1712, 1000.000000000000000 ) ;
#3214 = CARTESIAN_POINT ( 'NONE',  ( 131.0000000000000000, 12.00000000000000000, -4.999999999999985789 ) ) ;
#3215 = ORIENTED_EDGE ( 'NONE', *, *, #2011, .F. ) ;
#3216 = VECTOR ( 'NONE', #3001, 1000.000000000000000 ) ;
#3217 = LINE ( 'NONE', #1434, #2055 ) ;
#3218 = CARTESIAN_POINT ( 'NONE',  ( 32.00000000000000000, 25.99999999999999645, 0.000000000000000000 ) ) ;
#3219 = ORIENTED_EDGE ( 'NONE', *, *, #2246, .F. ) ;
#3220 = CARTESIAN_POINT ( 'NONE',  ( -110.0000000000000000, 230.0000000000000000, 1.387778780781445676E-14 ) ) ;
ENDSEC;
END-ISO-10303-21;
